scenario,level,seed,n,d,causal,rows_evaluated,all_rows,variant,q_token_mean_l2,q_total_energy,q_broadcast_mean_energy,q_mean_energy_fraction,k_token_mean_l2,k_total_energy,k_broadcast_mean_energy,k_mean_energy_fraction,max_abs,relative_frobenius,worst_row,worst_row_l2,reference_frobenius,tv_mean,tv_max,tv_max_row,tv_at_worst_output_row,reference_worst_row_output_l2,reference_worst_row_argmax_key,approx_worst_row_argmax_key,reference_worst_row_max_probability,approx_worst_row_max_probability,argmax_disagreement_fraction,score_only_max_abs,score_only_relative_frobenius,score_only_worst_row,score_only_worst_row_l2,score_only_reference_frobenius,full_minus_score_only_frobenius,full_minus_score_only_relative_frobenius,full_minus_score_only_max_row_l2,cfg_storage,cfg_tile,cfg_query_tile,cfg_scaling,cfg_accumulator,cfg_promote,cfg_probability,cfg_output,cfg_rotate,cfg_smooth_k,cfg_compensated,cfg_update,cfg_order,cfg_causal,cfg_scale
constant_channel,8,0,1024,64,True,1024,True,e4_tile,8.004453716371303,129604.89435354878,65608.99000067111,0.5062230892430386,8.003356757947067,129520.64427482378,65591.00866045646,0.5064135453285885,0.07852535509286107,0.044583326928529614,3,0.20645296461762366,31.455554449523603,0.01451315764383538,0.021391909253469323,704,0.018109113468021215,5.133282675954654,1,1,0.47011718128499475,0.48822629475301593,0.064453125,0.06723833675826973,0.03154514984935389,8,0.1730442129952498,31.455554449523603,0.9956836090715698,0.0316536658309213,0.16070738245206365,e4m3,128,32,tile,fp32,0,,bf16,False,False,False,global,forward,True,
constant_channel,8,0,1024,64,True,1024,True,e4_rotate,8.004453716371303,129604.89435354878,65608.99000067111,0.5062230892430386,8.003356757947067,129520.64427482378,65591.00866045646,0.5064135453285885,0.13256886112037047,0.06514513567993081,8,0.3787262058442431,31.455554449523603,0.02582869704599043,0.041838189712918854,28,0.03526202771886536,3.360835231890616,6,6,0.25472334771714933,0.28855875190210933,0.107421875,0.11777350957872113,0.056263620525360734,8,0.3163914967700917,31.455554449523603,1.0038750377476926,0.0319140786203149,0.16070738245206365,e4m3,128,32,tile,fp32,0,,bf16,True,False,False,global,forward,True,
constant_channel,8,0,1024,64,True,1024,True,e4_smooth_tile,8.004453716371303,129604.89435354878,65608.99000067111,0.5062230892430386,8.003356757947067,129520.64427482378,65591.00866045646,0.5064135453285885,0.0823210209682883,0.04467215670069998,11,0.22800247075143412,31.455554449523603,0.014509505257902133,0.023358480776596663,110,0.009588945554385098,3.15024743541695,0,0,0.365264914435439,0.3677637739155418,0.064453125,0.05083077491095944,0.03112740138083554,24,0.15358274268356595,31.455554449523603,1.0016098235344688,0.03184206544957716,0.16070738245206365,e4m3,128,32,tile,fp32,0,,bf16,False,True,False,global,forward,True,
constant_channel,8,0,1024,64,True,1024,True,e4_smooth_rotate,8.004453716371303,129604.89435354878,65608.99000067111,0.5062230892430386,8.003356757947067,129520.64427482378,65591.00866045646,0.5064135453285885,0.1291960209682883,0.057236679551574195,11,0.4149747973117542,31.455554449523603,0.02083037234516696,0.033913657039926194,11,0.033913657039926194,3.15024743541695,0,0,0.365264914435439,0.3933488301646876,0.0830078125,0.09531315407344243,0.04634081598827894,11,0.3154410051592104,31.455554449523603,0.9936919906836026,0.03159035051434778,0.16070738245206365,e4m3,128,32,tile,fp32,0,,bf16,True,True,False,global,forward,True,
constant_channel,32,0,1024,64,True,1024,True,e4_tile,32.00111371964311,1112644.894353549,1048648.990000671,0.9424830827179054,32.00083935453845,1112560.6442748238,1048631.0086604566,0.9425382913341888,0.07852535509285485,0.04458459445452105,3,0.2064529646176299,31.455554449523653,0.014513145609602353,0.021392048464930976,704,0.018110153065318615,5.133282675954671,1,1,0.47011718128499214,0.4882273343503108,0.064453125,0.06723689933142651,0.03154510992035297,8,0.17303352072922681,31.455554449523653,0.99574161857777,0.031655510004620156,0.16070738245206365,e4m3,128,32,tile,fp32,0,,bf16,False,False,False,global,forward,True,
constant_channel,32,0,1024,64,True,1024,True,e4_rotate,32.00111371964311,1112644.894353549,1048648.990000671,0.9424830827179054,32.00083935453845,1112560.6442748238,1048631.0086604566,0.9425382913341888,0.6525094273442803,0.3910674390681004,6,2.1360390640489455,31.455554449523653,0.18457234821025686,0.2602980987018277,6,0.2602980987018277,4.2521332256308995,3,3,0.418802051508643,0.6770100275538452,0.5810546875,0.7225222341440721,0.3900720598152503,6,2.163705611291504,31.455554449523653,1.0664082130199617,0.03390206377481643,0.16592118043307114,e4m3,128,32,tile,fp32,0,,bf16,True,False,False,global,forward,True,
constant_channel,32,0,1024,64,True,1024,True,e4_smooth_tile,32.00111371964311,1112644.894353549,1048648.990000671,0.9424830827179054,32.00083935453845,1112560.6442748238,1048631.0086604566,0.9425382913341888,0.08232102096830762,0.04467225261091927,11,0.2280024707515117,31.455554449523653,0.014509504738926825,0.02335848077660316,110,0.009588945554390209,3.150247435416991,0,0,0.3652649144354396,0.3677637739155418,0.064453125,0.05083077491091437,0.031127371754612297,24,0.15358274268360003,31.455554449523653,1.0016126955420188,0.0318421567532467,0.16070738245206365,e4m3,128,32,tile,fp32,0,,bf16,False,True,False,global,forward,True,
constant_channel,32,0,1024,64,True,1024,True,e4_smooth_rotate,32.00111371964311,1112644.894353549,1048648.990000671,0.9424830827179054,32.00083935453845,1112560.6442748238,1048631.0086604566,0.9425382913341888,0.32884938720432366,0.14559724246990188,1,1.1646232538120576,31.455554449523653,0.06314633287120472,0.11013855875395422,1,0.11013855875395422,6.358488270294607,1,1,0.764282164124067,0.6541436053701128,0.2548828125,0.37523970485613367,0.14158782640986212,1,1.1418835898620945,31.455554449523653,1.0128622548431874,0.032199790230005805,0.16070738245206365,e4m3,128,32,tile,fp32,0,,bf16,True,True,False,global,forward,True,
additive_bias,8,0,1024,64,True,1024,True,e4_tile,8.024815820290321,130944.60368399529,65943.21300437178,0.503596262458517,7.961364688080546,129809.84281743126,64904.527561334624,0.49999696596673676,0.21681854504746245,0.15326047665941306,9,0.6557968767088967,41.718761144966315,0.08744122399624213,0.13263919550994735,465,0.06353672092488216,5.318961072073915,4,4,0.5509544148151688,0.48981188926073727,0.2119140625,0.1988872724975098,0.15093352462732706,336,0.6378414744932346,41.718761144966315,1.3030098835479809,0.03123318736671544,0.1663052261178588,e4m3,128,32,tile,fp32,0,,bf16,False,False,False,global,forward,True,
additive_bias,8,0,1024,64,True,1024,True,e4_rotate,8.024815820290321,130944.60368399529,65943.21300437178,0.503596262458517,7.961364688080546,129809.84281743126,64904.527561334624,0.49999696596673676,0.15220454929608251,0.06456862401950053,152,0.3857210188855954,41.718761144966315,0.025916847647331303,0.04880317020032581,152,0.04880317020032581,2.1633930547827216,63,63,0.2072725458442671,0.24948173956816663,0.0673828125,0.13735271719559383,0.05620119342540094,152,0.37664123127930266,41.718761144966315,1.2926059966750472,0.030983805875333618,0.19223004677613925,e4m3,128,32,tile,fp32,0,,bf16,True,False,False,global,forward,True,
additive_bias,8,0,1024,64,True,1024,True,e4_smooth_tile,8.024815820290321,130944.60368399529,65943.21300437178,0.503596262458517,7.961364688080546,129809.84281743126,64904.527561334624,0.49999696596673676,0.12093801139566362,0.0704764697003481,327,0.36814971333681623,41.718761144966315,0.022843418113531164,0.04865914760094601,327,0.04865914760094601,2.1521112284597192,138,138,0.25909138521203195,0.3058232299586924,0.087890625,0.11854919891267812,0.06311417297202339,327,0.3736294188437156,41.718761144966315,1.31231472457347,0.03145622469500897,0.16868928339834283,e4m3,128,32,tile,fp32,0,,bf16,False,True,False,global,forward,True,
additive_bias,8,0,1024,64,True,1024,True,e4_smooth_rotate,8.024815820290321,130944.60368399529,65943.21300437178,0.503596262458517,7.961364688080546,129809.84281743126,64904.527561334624,0.49999696596673676,0.11303732120710686,0.05723938659657375,252,0.33434265955183595,41.718761144966315,0.02122566439287213,0.04729597943141157,252,0.04729597943141157,2.733557570094215,138,138,0.32847613289184785,0.3702605554036716,0.0517578125,0.11279321673663223,0.04894413296554532,252,0.33597441704645464,41.718761144966315,1.2929127209007236,0.03099115806454678,0.1747333740211078,e4m3,128,32,tile,fp32,0,,bf16,True,True,False,global,forward,True,
additive_bias,32,0,1024,64,True,1024,True,e4_tile,32.02148635360915,1114985.9929860549,1049984.6024134418,0.9417020563652713,31.95883064415715,1110784.9759556297,1045879.660689324,0.9415680652230046,2.2140468860220968,0.6420615131848826,843,7.0742252341767085,149.41762999887536,0.48835717588839417,0.7108388037024856,42,0.6784002565964334,5.83965364521397,794,829,0.7593990890853651,0.518937148425377,0.6044921875,2.217697864128384,0.6400648486701134,843,7.03952299735952,149.41762999887536,3.166248683883442,0.0211905963433316,0.21472140654505803,e4m3,128,32,tile,fp32,0,,bf16,False,False,False,global,forward,True,
additive_bias,32,0,1024,64,True,1024,True,e4_rotate,32.02148635360915,1114985.9929860549,1049984.6024134418,0.9417020563652713,31.95883064415715,1110784.9759556297,1045879.660689324,0.9415680652230046,1.2173578553895814,0.1965182590074908,68,3.852092035401631,149.41762999887536,0.09935253754891749,0.3812969087868768,68,0.3812969087868768,4.528460154936656,44,15,0.54930607406508,0.6512818191344126,0.107421875,1.2404431887029919,0.19608223203087088,68,3.868267956411221,149.41762999887536,3.8548557029990347,0.025799202564168965,0.21293788780850836,e4m3,128,32,tile,fp32,0,,bf16,True,False,False,global,forward,True,
additive_bias,32,0,1024,64,True,1024,True,e4_smooth_tile,32.02148635360915,1114985.9929860549,1049984.6024134418,0.9417020563652713,31.95883064415715,1110784.9759556297,1045879.660689324,0.9415680652230046,0.7022822668106443,0.16370215687136208,895,2.0322524074697927,149.41762999887536,0.08961853201922106,0.20256132081543868,987,0.20154051789245697,5.323432498762655,794,794,0.6488525415193571,0.45254445340179206,0.0986328125,0.6990543822022788,0.1633625483343356,895,2.029146701855427,149.41762999887536,3.942535614071559,0.026386013578861032,0.1991993924548963,e4m3,128,32,tile,fp32,0,,bf16,False,True,False,global,forward,True,
additive_bias,32,0,1024,64,True,1024,True,e4_smooth_rotate,32.02148635360915,1114985.9929860549,1049984.6024134418,0.9417020563652713,31.95883064415715,1110784.9759556297,1045879.660689324,0.9415680652230046,0.36306343286400694,0.09524334722489318,380,1.1884367102168163,149.41762999887536,0.052686459024970794,0.13460169307271844,380,0.13460169307271844,4.411510457379209,341,138,0.41701390548022865,0.4486587011675759,0.0693359375,0.3544472154965858,0.0934674601256892,380,1.1731931662258568,149.41762999887536,3.8668115932557274,0.025879219160984096,0.20091165612144696,e4m3,128,32,tile,fp32,0,,bf16,True,True,False,global,forward,True,
multiplicative_outlier,8,0,1024,64,True,1024,True,e4_tile,0.3128004344272763,128447.21985433857,100.1923704605622,0.0007800275519717914,0.40824994133571113,126543.80128201807,170.66804695102627,0.0013486875312894388,1.2569863869804436,0.11155164417984605,287,3.6045074575494627,164.32279768830182,0.04281414252464579,0.40624562068967907,313,0.36068692359645876,4.585049350586095,123,123,0.3720245420246551,0.7249528415016588,0.0576171875,1.255899263549203,0.1095583840239202,287,3.627817834822239,164.32279768830182,4.257828028571333,0.025911365242501885,0.24556974254796482,e4m3,128,32,tile,fp32,0,,bf16,False,False,False,global,forward,True,
multiplicative_outlier,8,0,1024,64,True,1024,True,e4_rotate,0.3128004344272763,128447.21985433857,100.1923704605622,0.0007800275519717914,0.40824994133571113,126543.80128201807,170.66804695102627,0.0013486875312894388,0.22387279667531895,0.04007329520391258,459,0.8118923558752472,164.32279768830182,0.01729183753590912,0.08065681751895828,459,0.08065681751895828,5.497492746774278,341,341,0.592072995766329,0.6726380694884325,0.037109375,0.2278654586031698,0.03078728789096458,459,0.7943248936264619,164.32279768830182,4.245313086448229,0.025835204525308873,0.2478084472114945,e4m3,128,32,tile,fp32,0,,bf16,True,False,False,global,forward,True,
multiplicative_outlier,8,0,1024,64,True,1024,True,e4_smooth_tile,0.3128004344272763,128447.21985433857,100.1923704605622,0.0007800275519717914,0.40824994133571113,126543.80128201807,170.66804695102627,0.0013486875312894388,1.5603104285085412,0.12165251516071617,61,4.809201126085054,164.32279768830182,0.04492059720320503,0.4431771059801885,61,0.4431771059801885,7.0468581855723444,15,44,0.9344807619440239,0.5032002296719724,0.076171875,1.531316444063685,0.11843612289427706,61,4.8317912845515005,164.32279768830182,4.268771500083634,0.025977962645091508,0.24702413437243054,e4m3,128,32,tile,fp32,0,,bf16,False,True,False,global,forward,True,
multiplicative_outlier,8,0,1024,64,True,1024,True,e4_smooth_rotate,0.3128004344272763,128447.21985433857,100.1923704605622,0.0007800275519717914,0.40824994133571113,126543.80128201807,170.66804695102627,0.0013486875312894388,0.2345804764030367,0.0422209999346171,316,0.7518820860268216,164.32279768830182,0.017959091415783692,0.0933620851241099,316,0.0933620851241099,4.1162804079023205,123,57,0.28040740081775645,0.29993784367474136,0.03125,0.250429080384171,0.032792869062469074,316,0.7255414066457901,164.32279768830182,4.233506395025196,0.025763353926431965,0.24774013859120014,e4m3,128,32,tile,fp32,0,,bf16,True,True,False,global,forward,True,
multiplicative_outlier,32,0,1024,64,True,1024,True,e4_tile,0.7044972146789992,1094122.1023661857,508.227917302239,0.00046450749528149373,1.364147099456148,1064931.1563899326,1905.5588443695324,0.0017893727992983966,3.515184832305071,0.43005936851744486,970,10.906113035403065,231.2808558597639,0.13175844336613507,0.9993991292004758,970,0.9993991292004758,7.704563232312395,794,138,0.9999809352120546,0.9994181939884212,0.1494140625,3.501956567971946,0.4304938918883087,970,10.933813272090449,231.2808558597639,5.782115757948558,0.025000407995093715,0.2562394493808188,e4m3,128,32,tile,fp32,0,,bf16,False,False,False,global,forward,True,
multiplicative_outlier,32,0,1024,64,True,1024,True,e4_rotate,0.7044972146789992,1094122.1023661857,508.227917302239,0.00046450749528149373,1.364147099456148,1064931.1563899326,1905.5588443695324,0.0017893727992983966,0.6204582164238055,0.043129036509751265,729,1.9474255995872185,231.2808558597639,0.00925589866632873,0.28990079997861634,729,0.28990079997861634,1.9687885155617855,528,528,0.2616235599959103,0.5476908748679509,0.0078125,0.6404115390598955,0.03456427173686399,729,1.9441771818534361,231.2808558597639,5.8849083269239095,0.02544485709829869,0.2414678003481335,e4m3,128,32,tile,fp32,0,,bf16,True,False,False,global,forward,True,
multiplicative_outlier,32,0,1024,64,True,1024,True,e4_smooth_tile,0.7044972146789992,1094122.1023661857,508.227917302239,0.00046450749528149373,1.364147099456148,1064931.1563899326,1905.5588443695324,0.0017893727992983966,3.31329390364611,0.3000552986775843,53,10.301863992952818,231.2808558597639,0.08443058134818472,0.950015393623264,348,0.9409817583099558,7.394530135060318,15,44,0.9789342367778566,0.9620115131215385,0.09375,3.2516552849486153,0.29898602185842993,53,10.2601215526294,231.2808558597639,5.83818897436235,0.025242854418968032,0.24361604661517514,e4m3,128,32,tile,fp32,0,,bf16,False,True,False,global,forward,True,
multiplicative_outlier,32,0,1024,64,True,1024,True,e4_smooth_rotate,0.7044972146789992,1094122.1023661857,508.227917302239,0.00046450749528149373,1.364147099456148,1064931.1563899326,1905.5588443695324,0.0017893727992983966,0.6819663472875628,0.04229649590817825,928,2.0114544426196836,231.2808558597639,0.008960209663824683,0.20926002925630788,430,0.18411292270144464,5.885349688199199,794,794,0.6883654621722948,0.5042525394976675,0.009765625,0.6634795152092575,0.03389138939214593,928,2.014163355870145,231.2808558597639,5.867241722238769,0.025368471162162873,0.24137543524153965,e4m3,128,32,tile,fp32,0,,bf16,True,True,False,global,forward,True,
constant_channel,8,1,1024,64,True,1024,True,e4_tile,8.004063810582542,129542.14414396715,65602.59838349019,0.5064189636276399,8.003135704252786,129806.87718964236,65587.38544710224,0.5052689569850898,0.12336158752441406,0.046464097341821456,0,0.22664038827752603,30.787037882184457,0.014503580100500717,0.021646966623374522,25,0.0,7.763056548452409,0,0,1.0,1.0,0.06640625,0.05946343713871638,0.031988435677739534,25,0.1564995570222682,30.787037882184457,1.017443247079107,0.0330477797497976,0.22664038827752603,e4m3,128,32,tile,fp32,0,,bf16,False,False,False,global,forward,True,
constant_channel,8,1,1024,64,True,1024,True,e4_rotate,8.004063810582542,129542.14414396715,65602.59838349019,0.5064189636276399,8.003135704252786,129806.87718964236,65587.38544710224,0.5052689569850898,0.18508133770477087,0.0692243253009719,3,0.37639194268026904,30.787037882184457,0.026046674346685804,0.04081372580015847,3,0.04081372580015847,5.492184436547716,3,3,0.6176582883008603,0.6584720141010189,0.1181640625,0.11129657073977972,0.0607361925329372,3,0.386795402867401,30.787037882184457,1.0197872803004824,0.03312391676662739,0.22664038827752603,e4m3,128,32,tile,fp32,0,,bf16,True,False,False,global,forward,True,
constant_channel,8,1,1024,64,True,1024,True,e4_smooth_tile,8.004063810582542,129542.14414396715,65602.59838349019,0.5064189636276399,8.003135704252786,129806.87718964236,65587.38544710224,0.5052689569850898,0.12336158752441406,0.04576277862227915,0,0.22664038827752603,30.787037882184457,0.014477278793961483,0.02231838819928701,187,0.0,7.763056548452409,0,0,1.0,1.0,0.072265625,0.05347534271535315,0.03192492150295646,8,0.14680116086400374,30.787037882184457,1.0193122916936666,0.033108488565686676,0.22664038827752603,e4m3,128,32,tile,fp32,0,,bf16,False,True,False,global,forward,True,
constant_channel,8,1,1024,64,True,1024,True,e4_smooth_rotate,8.004063810582542,129542.14414396715,65602.59838349019,0.5064189636276399,8.003135704252786,129806.87718964236,65587.38544710224,0.5052689569850898,0.15178745369842717,0.058753810385210846,2,0.3859006601489401,30.787037882184457,0.020790612104222388,0.03524650588733562,138,0.026710513220496404,5.587578357024618,2,2,0.5187132376183338,0.5003257037664529,0.099609375,0.09738011390442192,0.048658380383657225,3,0.29681540259268463,30.787037882184457,1.0242504329998097,0.033268885331528206,0.22664038827752603,e4m3,128,32,tile,fp32,0,,bf16,True,True,False,global,forward,True,
constant_channel,32,1,1024,64,True,1024,True,e4_tile,32.00101619455041,1112582.144143967,1048642.5983834905,0.9425304944025753,32.00078407009249,1112846.8771896423,1048627.3854471024,0.9422926073129501,0.12336158752441406,0.04646560275751624,0,0.22664038827752603,30.787037882184425,0.01450358659047378,0.02164657137662623,25,0.0,7.763056548452409,0,0,1.0,1.0,0.06640625,0.05946125557132248,0.03198846130301132,25,0.15649409954207036,30.787037882184425,1.0175103197935396,0.03304995835219158,0.22664038827752603,e4m3,128,32,tile,fp32,0,,bf16,False,False,False,global,forward,True,
constant_channel,32,1,1024,64,True,1024,True,e4_rotate,32.00101619455041,1112582.144143967,1048642.5983834905,0.9425304944025753,32.00078407009249,1112846.8771896423,1048627.3854471024,0.9422926073129501,0.6787348059137369,0.4076630850188381,19,1.5926911000154258,30.787037882184425,0.1895788455712079,0.25000800129003475,102,0.21434014808945778,2.5690468479322193,2,2,0.21831339064031374,0.3808810443208254,0.5810546875,0.6364262280641179,0.40575958670729567,19,1.575079178855498,30.787037882184425,1.0778644898704184,0.03501033434899392,0.22664038827752603,e4m3,128,32,tile,fp32,0,,bf16,True,False,False,global,forward,True,
constant_channel,32,1,1024,64,True,1024,True,e4_smooth_tile,32.00101619455041,1112582.144143967,1048642.5983834905,0.9425304944025753,32.00078407009249,1112846.8771896423,1048627.3854471024,0.9422926073129501,0.12336158752441406,0.04576334899786969,0,0.22664038827752603,30.787037882184425,0.014477277188510461,0.022318388199280486,187,0.0,7.763056548452409,0,0,1.0,1.0,0.072265625,0.05347534271532872,0.03192491615165454,8,0.1468011608639483,30.787037882184425,1.0193289961533278,0.0331090311466172,0.22664038827752603,e4m3,128,32,tile,fp32,0,,bf16,False,True,False,global,forward,True,
constant_channel,32,1,1024,64,True,1024,True,e4_smooth_rotate,32.00101619455041,1112582.144143967,1048642.5983834905,0.9425304944025753,32.00078407009249,1112846.8771896423,1048627.3854471024,0.9422926073129501,0.3310785559137369,0.14523078289009317,24,0.8447934521933005,30.787037882184425,0.0620427089947163,0.10244069880976442,99,0.09164344081783152,3.5739371950533583,18,18,0.4021850796698128,0.3174396041208217,0.2529296875,0.3280805338960231,0.14157168192886763,24,0.8468292187624166,30.787037882184425,1.039821760513142,0.0337746607677011,0.22664038827752603,e4m3,128,32,tile,fp32,0,,bf16,True,True,False,global,forward,True,
additive_bias,8,1,1024,64,True,1024,True,e4_tile,7.9884978334223025,130346.83051360099,65347.683977823035,0.5013369617069773,7.984990133477745,130458.4714630296,65290.30905009861,0.500468143754092,0.35515416180800274,0.17873708525869617,15,1.2320438756503065,38.403667660111935,0.08803581642064634,0.15830544344661077,15,0.15830544344661077,3.552637899637914,0,0,0.3305949038229448,0.4671365374148442,0.2119140625,0.348238415818272,0.17575371448786248,15,1.2080636145412695,38.403667660111935,1.2578097064347584,0.03275233286484212,0.22664038827752603,e4m3,128,32,tile,fp32,0,,bf16,False,False,False,global,forward,True,
additive_bias,8,1,1024,64,True,1024,True,e4_rotate,7.9884978334223025,130346.83051360099,65347.683977823035,0.5013369617069773,7.984990133477745,130458.4714630296,65290.30905009861,0.500468143754092,0.21657184541817898,0.0759050115771818,11,0.5327596378310543,38.403667660111935,0.02695107311824558,0.05779323497809842,11,0.05779323497809842,3.824832429191994,10,3,0.31919656250310596,0.34549103955928884,0.0927734375,0.18214075197568091,0.06856274275305334,11,0.5570201328480926,38.403667660111935,1.238856314718588,0.03225880209366902,0.22664038827752603,e4m3,128,32,tile,fp32,0,,bf16,True,False,False,global,forward,True,
additive_bias,8,1,1024,64,True,1024,True,e4_smooth_tile,7.9884978334223025,130346.83051360099,65347.683977823035,0.5013369617069773,7.984990133477745,130458.4714630296,65290.30905009861,0.500468143754092,0.14219312522558825,0.06418849247464511,138,0.3977217563041407,38.403667660111935,0.021108232252069203,0.048821222244019115,138,0.048821222244019115,2.681293802902731,89,89,0.32606287385165095,0.2951957536926857,0.072265625,0.12117640632816545,0.055940812436195406,138,0.4067511533716273,38.403667660111935,1.2529212312329703,0.03262504098102901,0.22664038827752603,e4m3,128,32,tile,fp32,0,,bf16,False,True,False,global,forward,True,
additive_bias,8,1,1024,64,True,1024,True,e4_smooth_rotate,7.9884978334223025,130346.83051360099,65347.683977823035,0.5013369617069773,7.984990133477745,130458.4714630296,65290.30905009861,0.500468143754092,0.12336158752441406,0.06074641316196269,386,0.39847105526406557,38.403667660111935,0.02134790376092528,0.04902922314843105,386,0.04902922314843105,2.8075233437804337,345,345,0.30283876868742127,0.349825825175479,0.0849609375,0.13851399593215952,0.052072220364797826,386,0.409285863527147,38.403667660111935,1.2463287273969066,0.03245337758954229,0.22664038827752603,e4m3,128,32,tile,fp32,0,,bf16,True,True,False,global,forward,True,
additive_bias,32,1,1024,64,True,1024,True,e4_tile,31.98544280404922,1112621.343097731,1047622.1966040105,0.9415801728980395,31.98263182182825,1112606.2303739146,1047438.0679686356,0.9414274694620595,3.330851974898284,0.9178133627710853,47,8.846624155977493,129.52774543502565,0.6615660198768993,0.8104793177063128,47,0.8104793177063128,6.497505217050967,45,13,0.8990716275949074,0.8125761403205326,0.82421875,3.2580893511452396,0.9178408758501365,47,8.849472690026388,129.52774543502565,2.714333597834379,0.020955615252300958,0.22664038827752603,e4m3,128,32,tile,fp32,0,,bf16,False,False,False,global,forward,True,
additive_bias,32,1,1024,64,True,1024,True,e4_rotate,31.98544280404922,1112621.343097731,1047622.1966040105,0.9415801728980395,31.98263182182825,1112606.2303739146,1047438.0679686356,0.9414274694620595,1.2904306830700782,0.36758546732626635,127,4.264502361314894,129.52774543502565,0.1760049607070347,0.4111566280851666,127,0.4111566280851666,5.515153117408088,122,45,0.6774694882602164,0.6333277433939809,0.2841796875,1.3753127557910514,0.3689603179957442,127,4.2261232914196505,129.52774543502565,4.047749247726541,0.03125005560879613,0.22664038827752603,e4m3,128,32,tile,fp32,0,,bf16,True,False,False,global,forward,True,
additive_bias,32,1,1024,64,True,1024,True,e4_smooth_tile,31.98544280404922,1112621.343097731,1047622.1966040105,0.9415801728980395,31.98263182182825,1112606.2303739146,1047438.0679686356,0.9414274694620595,0.7068268700333069,0.18903201562519054,142,2.069354117152071,129.52774543502565,0.09290175445003336,0.201374524069269,142,0.201374524069269,4.477560338160552,45,122,0.5423856057710191,0.492060472240891,0.1494140625,0.6315345397671754,0.1856947069897741,142,2.126875214965974,129.52774543502565,3.9078247179209358,0.03016978875681271,0.22664038827752603,e4m3,128,32,tile,fp32,0,,bf16,False,True,False,global,forward,True,
additive_bias,32,1,1024,64,True,1024,True,e4_smooth_rotate,31.98544280404922,1112621.343097731,1047622.1966040105,0.9415801728980395,31.98263182182825,1112606.2303739146,1047438.0679686356,0.9414274694620595,0.3872171017220677,0.1113960517098878,123,1.4877332548605644,129.52774543502565,0.055551872386145666,0.14723688579015387,123,0.14723688579015387,4.565095583199047,45,122,0.5517432029094222,0.4487982693010769,0.091796875,0.3876504902278993,0.108418060148019,123,1.5484693557007223,129.52774543502565,3.8034907452823714,0.029364293592142366,0.22664038827752603,e4m3,128,32,tile,fp32,0,,bf16,True,True,False,global,forward,True,
multiplicative_outlier,8,1,1024,64,True,1024,True,e4_tile,0.2838317092593297,131836.48921198654,82.49388972141844,0.0006257288116097537,0.2669652064970302,125007.39366616466,72.98091159552203,0.0005838127606309381,1.5158597245178345,0.1619002002168927,69,5.326756800639827,165.89591399244043,0.057668051103181225,0.44656398791081636,69,0.44656398791081636,6.22736865428059,52,36,0.7562581599153456,0.6522912288310091,0.08984375,1.4981444013197451,0.16093836264820638,69,5.276347592112032,165.89591399244043,4.592469899458526,0.02768283913049116,0.23982249171410236,e4m3,128,32,tile,fp32,0,,bf16,False,False,False,global,forward,True,
multiplicative_outlier,8,1,1024,64,True,1024,True,e4_rotate,0.2838317092593297,131836.48921198654,82.49388972141844,0.0006257288116097537,0.2669652064970302,125007.39366616466,72.98091159552203,0.0005838127606309381,0.36258019661540347,0.0502603105340243,649,1.0428749654757783,165.89591399244043,0.021583824096096542,0.10012563011643605,649,0.10012563011643605,5.240364933754403,199,610,0.46235457344073494,0.5593025993971874,0.0283203125,0.34232477134726885,0.04179474249039824,649,1.042788803287672,165.89591399244043,4.564289579903104,0.027512971658307933,0.24988303979084656,e4m3,128,32,tile,fp32,0,,bf16,True,False,False,global,forward,True,
multiplicative_outlier,8,1,1024,64,True,1024,True,e4_smooth_tile,0.2838317092593297,131836.48921198654,82.49388972141844,0.0006257288116097537,0.2669652064970302,125007.39366616466,72.98091159552203,0.0005838127606309381,1.2200844452542663,0.1530719724349089,187,4.733819886976631,165.89591399244043,0.056674616612307584,0.43373076091681473,194,0.4240843377022151,5.847518419902209,36,63,0.7991339986696214,0.4085272013603491,0.103515625,1.2185704212110187,0.1513304434249535,187,4.748059519000366,165.89591399244043,4.531279610514021,0.027313991655758943,0.24877403333651169,e4m3,128,32,tile,fp32,0,,bf16,False,True,False,global,forward,True,
multiplicative_outlier,8,1,1024,64,True,1024,True,e4_smooth_rotate,0.2838317092593297,131836.48921198654,82.49388972141844,0.0006257288116097537,0.2669652064970302,125007.39366616466,72.98091159552203,0.0005838127606309381,0.5104335105575826,0.05412348852158899,298,1.49515835184673,165.89591399244043,0.022360799254836826,0.12600992046017648,168,0.11905189882877115,4.809926557713889,36,36,0.6035198794456103,0.4887361556344617,0.037109375,0.5054911697934112,0.046287424305671315,298,1.3794263524532369,165.89591399244043,4.601305694960518,0.027736100210220913,0.2445911787764391,e4m3,128,32,tile,fp32,0,,bf16,True,True,False,global,forward,True,
multiplicative_outlier,32,1,1024,64,True,1024,True,e4_tile,0.5598256592370056,1149291.6652322775,320.9264831899113,0.00027923850219957046,0.6225835151959153,1036055.1408139991,396.91287899515135,0.0003831001491709294,2.614064971627267,0.1555902169237063,190,10.187295654346947,252.4092712186049,0.03226098658170693,0.9268004760753195,190,0.9268004760753195,7.871277907533642,122,45,0.9983572007521113,0.928443275323208,0.0283203125,2.62903300015651,0.1531372396051039,190,10.222789174034332,252.4092712186049,6.7936535062821,0.026915229672361353,0.2709188044077531,e4m3,128,32,tile,fp32,0,,bf16,False,False,False,global,forward,True,
multiplicative_outlier,32,1,1024,64,True,1024,True,e4_rotate,0.5598256592370056,1149291.6652322775,320.9264831899113,0.00027923850219957046,0.6225835151959153,1036055.1408139991,396.91287899515135,0.0003831001491709294,1.358597558161459,0.043130501799495756,959,2.9003689550072065,252.4092712186049,0.008986594939710336,0.24632930544544895,959,0.24632930544544895,7.113891344552013,456,456,0.7764191468584299,0.5371221290215505,0.01171875,1.3629391804598185,0.03358879051568116,959,2.8738833981095087,252.4092712186049,6.814566482982486,0.026998083113518333,0.27091880440775323,e4m3,128,32,tile,fp32,0,,bf16,True,False,False,global,forward,True,
multiplicative_outlier,32,1,1024,64,True,1024,True,e4_smooth_tile,0.5598256592370056,1149291.6652322775,320.9264831899113,0.00027923850219957046,0.6225835151959153,1036055.1408139991,396.91287899515135,0.0003831001491709294,3.0598780220462545,0.3735561790693183,120,11.6275822193937,252.4092712186049,0.10788070855235445,0.9447691772093283,120,0.9447691772093283,7.444078877863573,36,63,0.9999983209320737,0.899414022798688,0.1181640625,3.0264277345312847,0.37270155837166097,120,11.640016977216199,252.4092712186049,6.611092591670634,0.026191956261166584,0.27091880440775296,e4m3,128,32,tile,fp32,0,,bf16,False,True,False,global,forward,True,
multiplicative_outlier,32,1,1024,64,True,1024,True,e4_smooth_rotate,0.5598256592370056,1149291.6652322775,320.9264831899113,0.00027923850219957046,0.6225835151959153,1036055.1408139991,396.91287899515135,0.0003831001491709294,1.2561821113382954,0.0458850433685184,813,2.6549246558646984,252.4092712186049,0.010346136693921468,0.23829140780059443,813,0.23829140780059443,5.802246190745313,456,340,0.5159421910775621,0.6155435900768534,0.01171875,1.2732212158445833,0.0373071856462625,813,2.6664894107301187,252.4092712186049,6.803688986021595,0.02695498843277077,0.27091880440775346,e4m3,128,32,tile,fp32,0,,bf16,True,True,False,global,forward,True,
constant_channel,8,2,1024,64,True,1024,True,e4_tile,8.003759786081169,130108.16554976896,65597.61481040904,0.5041775397664541,8.00342386200356,129842.2464427629,65592.1085592453,0.5051676966183701,0.14247822761535645,0.04704033385801421,27,0.27762271067647637,31.673461851119537,0.0147040816944565,0.03484013535785303,27,0.03484013535785303,2.659924331635292,20,20,0.19238809838513568,0.22458505471133433,0.0615234375,0.08061478683483436,0.03336321454528238,27,0.26669567232236246,31.673461851119537,1.07106660776561,0.03381589965757885,0.2578726880355469,e4m3,128,32,tile,fp32,0,,bf16,False,False,False,global,forward,True,
constant_channel,8,2,1024,64,True,1024,True,e4_rotate,8.003759786081169,130108.16554976896,65597.61481040904,0.5041775397664541,8.00342386200356,129842.2464427629,65592.1085592453,0.5051676966183701,0.14247822761535645,0.07111158296831054,7,0.3852432689496726,31.673461851119537,0.0268253296770534,0.049004543051463054,7,0.049004543051463054,4.0342890929879,1,1,0.3757688771332848,0.4247734201847479,0.1279296875,0.11236111695522233,0.06314263222976806,7,0.3703642051123082,31.673461851119537,1.0905728416354221,0.03443175383738088,0.2578726880355469,e4m3,128,32,tile,fp32,0,,bf16,True,False,False,global,forward,True,
constant_channel,8,2,1024,64,True,1024,True,e4_smooth_tile,8.003759786081169,130108.16554976896,65597.61481040904,0.5041775397664541,8.00342386200356,129842.2464427629,65592.1085592453,0.5051676966183701,0.14247822761535645,0.04677817336603019,0,0.2578726880355469,31.673461851119537,0.01465462288573843,0.023447830256812824,42,0.0,7.873440441090264,0,0,1.0,1.0,0.06640625,0.07426172685870036,0.03330972926237959,3,0.21910618828237413,31.673461851119537,1.06736978000667,0.033699182774015034,0.2578726880355469,e4m3,128,32,tile,fp32,0,,bf16,False,True,False,global,forward,True,
constant_channel,8,2,1024,64,True,1024,True,e4_smooth_rotate,8.003759786081169,130108.16554976896,65597.61481040904,0.5041775397664541,8.00342386200356,129842.2464427629,65592.1085592453,0.5051676966183701,0.14247822761535645,0.05694413956686697,11,0.2659113455182887,31.673461851119537,0.020773618041776076,0.03318457725961392,21,0.03295034090672605,2.888682320242427,4,4,0.19386666992386917,0.171875621742627,0.08984375,0.09582022822150804,0.046184486270262906,3,0.2542187240079688,31.673461851119537,1.08683095916089,0.034313614478566214,0.2578726880355469,e4m3,128,32,tile,fp32,0,,bf16,True,True,False,global,forward,True,
constant_channel,32,2,1024,64,True,1024,True,e4_tile,32.000940153584395,1113148.165549769,1048637.614810409,0.9420467528619614,32.00085613721745,1112882.2464427631,1048632.1085592452,0.9422669037188003,0.14247822761535645,0.04704008750055251,27,0.27762271067651045,31.673461851119576,0.014704085238021077,0.03484109364736045,27,0.03484109364736045,2.659924331635264,20,20,0.19238809838513077,0.22458575008025417,0.0615234375,0.08061642625026105,0.03336356517395177,27,0.26670098526854086,31.673461851119576,1.0711048651364556,0.033817107525889054,0.2578726880355469,e4m3,128,32,tile,fp32,0,,bf16,False,False,False,global,forward,True,
constant_channel,32,2,1024,64,True,1024,True,e4_rotate,32.000940153584395,1113148.165549769,1048637.614810409,0.9420467528619614,32.00085613721745,1112882.2464427631,1048632.1085592452,0.9422669037188003,0.737407515080877,0.4885250511588948,23,2.1095957601113033,31.673461851119576,0.19788446732454557,0.30105415647853384,43,0.28437186206464143,2.8103735642425702,12,12,0.20250443135994248,0.44019875615331905,0.6162109375,0.7070100406538211,0.48670506002511343,23,2.1094478045581098,31.673461851119576,1.163509351584033,0.03673451790818078,0.2578726880355469,e4m3,128,32,tile,fp32,0,,bf16,True,False,False,global,forward,True,
constant_channel,32,2,1024,64,True,1024,True,e4_smooth_tile,32.000940153584395,1113148.165549769,1048637.614810409,0.9420467528619614,32.00085613721745,1112882.2464427631,1048632.1085592452,0.9422669037188003,0.14247822761535645,0.046778607316430555,0,0.2578726880355469,31.673461851119576,0.01465462354639216,0.023447830256806468,42,0.0,7.873440441090264,0,0,1.0,1.0,0.06640625,0.07426172685853938,0.03330972947629832,3,0.21910618828187425,31.673461851119576,1.0673726044560299,0.03369927194801729,0.2578726880355469,e4m3,128,32,tile,fp32,0,,bf16,False,True,False,global,forward,True,
constant_channel,32,2,1024,64,True,1024,True,e4_smooth_rotate,32.000940153584395,1113148.165549769,1048637.614810409,0.9420467528619614,32.00085613721745,1112882.2464427631,1048632.1085592452,0.9422669037188003,0.2628131817778921,0.13988664540973997,11,0.7150299464489152,31.673461851119576,0.06180552642918617,0.09585540471894752,11,0.09585540471894752,2.888682320242403,4,10,0.19386666992387064,0.16536451290352827,0.251953125,0.2267047582381025,0.13568326300711314,11,0.7072796906418006,31.673461851119576,1.0724820979540775,0.03386058975792594,0.2578726880355469,e4m3,128,32,tile,fp32,0,,bf16,True,True,False,global,forward,True,
additive_bias,8,2,1024,64,True,1024,True,e4_tile,7.977223214964246,130655.08504396603,65163.356386677246,0.49874336207235626,7.980769496930923,130483.31899751755,65221.30612545848,0.4998440155151121,0.23856818448433625,0.16051855114066949,664,0.7164227048050088,43.399258908037794,0.0893997685656158,0.13422272006988822,677,0.11527798887109889,2.6186398744546535,130,130,0.2939408601087051,0.38283984074808314,0.224609375,0.24255560876042515,0.1571674640874161,664,0.7356946055259874,43.399258908037794,1.3663518449261434,0.031483299007971935,0.2578726880355469,e4m3,128,32,tile,fp32,0,,bf16,False,False,False,global,forward,True,
additive_bias,8,2,1024,64,True,1024,True,e4_rotate,7.977223214964246,130655.08504396603,65163.356386677246,0.49874336207235626,7.980769496930923,130483.31899751755,65221.30612545848,0.4998440155151121,0.1892581730395424,0.06947239900291197,6,0.45372505361376403,43.399258908037794,0.027298339797029773,0.04677335887557866,71,0.03557211657634175,5.199813493376469,6,6,0.5671012393268916,0.6023121364547029,0.0869140625,0.12903156110043534,0.061974403048303574,6,0.4332495562580392,43.399258908037794,1.403861519639191,0.03234759198570526,0.2578726880355469,e4m3,128,32,tile,fp32,0,,bf16,True,False,False,global,forward,True,
additive_bias,8,2,1024,64,True,1024,True,e4_smooth_tile,7.977223214964246,130655.08504396603,65163.356386677246,0.49874336207235626,7.980769496930923,130483.31899751755,65221.30612545848,0.4998440155151121,0.15254503476074713,0.0678177256491511,60,0.4012355139933833,43.399258908037794,0.022493326981226407,0.04809603208378838,438,0.043783135246158844,2.420128798889143,5,32,0.22042553868220824,0.2489221608300161,0.083984375,0.14265619139412317,0.06049728164690274,58,0.396494115705191,43.399258908037794,1.3921285153079623,0.032077241647325276,0.2578726880355469,e4m3,128,32,tile,fp32,0,,bf16,False,True,False,global,forward,True,
additive_bias,8,2,1024,64,True,1024,True,e4_smooth_rotate,7.977223214964246,130655.08504396603,65163.356386677246,0.49874336207235626,7.980769496930923,130483.31899751755,65221.30612545848,0.4998440155151121,0.1736331730395424,0.05450040157730774,6,0.41491002644175246,43.399258908037794,0.020407505980722197,0.03637432770990495,664,0.033267291834034964,5.199813493376469,6,6,0.5671012393268916,0.5952332171685611,0.0615234375,0.11600753242121575,0.04504723526887328,6,0.39022862827358373,43.399258908037794,1.3873680146222591,0.03196755081836917,0.2578726880355469,e4m3,128,32,tile,fp32,0,,bf16,True,True,False,global,forward,True,
additive_bias,32,2,1024,64,True,1024,True,e4_tile,31.97439186314196,1112390.1453170325,1046898.4166581852,0.9411252167824787,31.978192645923706,1112409.3329220645,1047147.3202174043,0.9413327353760772,2.441095729386009,0.9051365117916094,203,7.222588262606037,137.80431122945654,0.6300994825610371,0.8129210877651436,203,0.8129210877651436,7.464292550712024,32,168,0.8778850473431596,0.27823354450148735,0.82421875,2.453007911955292,0.9033481869822623,214,7.259039762609039,137.80431122945654,2.995375684272119,0.021736443929425038,0.2578787605406913,e4m3,128,32,tile,fp32,0,,bf16,False,False,False,global,forward,True,
additive_bias,32,2,1024,64,True,1024,True,e4_rotate,31.97439186314196,1112390.1453170325,1046898.4166581852,0.9411252167824787,31.978192645923706,1112409.3329220645,1047147.3202174043,0.9413327353760772,1.8531132544617757,0.3934902566840246,343,5.169029306748412,137.80431122945654,0.20193168923521224,0.43705094713086257,343,0.43705094713086257,5.78022294208783,263,231,0.6761184614460095,0.6205898784448248,0.3125,1.8748219602385432,0.3935207807108673,343,5.115336966279699,137.80431122945654,3.88117438567524,0.02816439014896084,0.25787279845302785,e4m3,128,32,tile,fp32,0,,bf16,True,False,False,global,forward,True,
additive_bias,32,2,1024,64,True,1024,True,e4_smooth_tile,31.97439186314196,1112390.1453170325,1046898.4166581852,0.9411252167824787,31.978192645923706,1112409.3329220645,1047147.3202174043,0.9413327353760772,0.7400704321858355,0.23598526265247557,586,2.033090203706048,137.80431122945654,0.11204850029049869,0.202403779907773,625,0.1935331349060785,4.6765918835496985,437,535,0.584973287104579,0.4685971840960193,0.17578125,0.8153602005226869,0.23691872954073417,586,2.050484574242323,137.80431122945654,3.7959472277111583,0.027545925042871594,0.25788059793529994,e4m3,128,32,tile,fp32,0,,bf16,False,True,False,global,forward,True,
additive_bias,32,2,1024,64,True,1024,True,e4_smooth_rotate,31.97439186314196,1112390.1453170325,1046898.4166581852,0.9411252167824787,31.978192645923706,1112409.3329220645,1047147.3202174043,0.9413327353760772,0.38972162890288076,0.09712445229622059,123,1.055785655604043,137.80431122945654,0.04842531621035759,0.11563573672074927,123,0.11563573672074927,3.639981803640543,32,32,0.3498821402681355,0.46258453442431813,0.05859375,0.3808774088129751,0.09420790832701581,157,1.0659597403596572,137.80431122945654,3.620363987986253,0.026271775938548264,0.25788147058288274,e4m3,128,32,tile,fp32,0,,bf16,True,True,False,global,forward,True,
multiplicative_outlier,8,2,1024,64,True,1024,True,e4_tile,0.32447091506945985,127413.74513092388,107.80812771943694,0.0008461263548030771,0.29608752488800005,129099.90822477192,89.77185013176529,0.0006953672652924451,2.742071306634383,0.16230175468357055,677,7.035084282889528,179.8790491683024,0.05778684871650891,0.6422178639176205,677,0.6422178639176205,6.572698191751501,437,535,0.8673462761712049,0.7664551977479593,0.076171875,2.83505936613279,0.16132072483322257,677,7.065439996668796,179.8790491683024,4.549107628161907,0.025289813623072747,0.2578726880355469,e4m3,128,32,tile,fp32,0,,bf16,False,False,False,global,forward,True,
multiplicative_outlier,8,2,1024,64,True,1024,True,e4_rotate,0.32447091506945985,127413.74513092388,107.80812771943694,0.0008461263548030771,0.29608752488800005,129099.90822477192,89.77185013176529,0.0006953672652924451,0.604149431689138,0.04133456434501803,30,1.969558996556199,179.8790491683024,0.017456131140074875,0.1657332680653904,30,0.1657332680653904,5.8318026126344975,0,0,0.7099984836563237,0.8757317517054448,0.03515625,0.5582614356341198,0.03278436988015472,30,1.9481341509794052,179.8790491683024,4.562636240044443,0.025365023114923457,0.2578726880355469,e4m3,128,32,tile,fp32,0,,bf16,True,False,False,global,forward,True,
multiplicative_outlier,8,2,1024,64,True,1024,True,e4_smooth_tile,0.32447091506945985,127413.74513092388,107.80812771943694,0.0008461263548030771,0.29608752488800005,129099.90822477192,89.77185013176529,0.0006953672652924451,1.5180196648733202,0.11685428367054751,30,5.264725016145627,179.8790491683024,0.043674255254672265,0.44810894853869254,30,0.44810894853869254,5.8318026126344975,0,20,0.7099984836563237,0.7314916127499883,0.046875,1.5079357298096985,0.11296048757177116,30,5.264130969942018,179.8790491683024,4.5382419329841825,0.025229408060401814,0.2578726880355469,e4m3,128,32,tile,fp32,0,,bf16,False,True,False,global,forward,True,
multiplicative_outlier,8,2,1024,64,True,1024,True,e4_smooth_rotate,0.32447091506945985,127413.74513092388,107.80812771943694,0.0008461263548030771,0.29608752488800005,129099.90822477192,89.77185013176529,0.0006953672652924451,0.533836931689138,0.0425106584102601,30,1.7109845638610102,179.8790491683024,0.017782578181710855,0.14216372556215853,30,0.14216372556215853,5.8318026126344975,0,0,0.7099984836563237,0.8521622092184821,0.0322265625,0.47797384785902836,0.03474589423501004,30,1.6675670423344584,179.8790491683024,4.569975809958091,0.025405825920739828,0.2578726880355469,e4m3,128,32,tile,fp32,0,,bf16,True,True,False,global,forward,True,
multiplicative_outlier,32,2,1024,64,True,1024,True,e4_tile,0.8842744462354734,1070037.4388482478,800.7078873754143,0.0007482989457240573,0.7620908311933816,1101004.8349549072,594.7212134287556,0.0005401622177736513,4.343556165692812,0.5807096468494672,677,11.036563122789653,244.98420057740756,0.18385749873288018,0.9999999998362201,677,0.9999999998362201,7.6321407552124905,437,535,0.9999999999994655,0.9999999998367546,0.201171875,4.449458359943265,0.5825801157244728,677,11.074873048415034,244.98420057740756,6.241474486956387,0.025477049018858142,0.25804193890687427,e4m3,128,32,tile,fp32,0,,bf16,False,False,False,global,forward,True,
multiplicative_outlier,32,2,1024,64,True,1024,True,e4_rotate,0.8842744462354734,1070037.4388482478,800.7078873754143,0.0007482989457240573,0.7620908311933816,1101004.8349549072,594.7212134287556,0.0005401622177736513,1.0480022458119829,0.042998672463103786,690,2.742637893036002,244.98420057740756,0.00836175007757766,0.24079211655841481,690,0.24079211655841481,6.022881773393248,437,437,0.788686324619073,0.5478942103638548,0.005859375,1.0703012732545567,0.035737738147267696,690,2.6644450025570396,244.98420057740756,5.886900376507558,0.02402971441681798,0.26057004537305595,e4m3,128,32,tile,fp32,0,,bf16,True,False,False,global,forward,True,
multiplicative_outlier,32,2,1024,64,True,1024,True,e4_smooth_tile,0.8842744462354734,1070037.4388482478,800.7078873754143,0.0007482989457240573,0.7620908311933816,1101004.8349549072,594.7212134287556,0.0005401622177736513,2.6782767014544597,0.09653598817484818,20,9.34995554436939,244.98420057740756,0.016242370082165152,0.793707299972386,20,0.793707299972386,6.657196377161854,0,20,0.8462463801819319,0.9472686228288318,0.01171875,2.6820548746379194,0.09329186773899431,20,9.363569175781615,244.98420057740756,5.8872683966506045,0.024031216636725135,0.2585068072238921,e4m3,128,32,tile,fp32,0,,bf16,False,True,False,global,forward,True,
multiplicative_outlier,32,2,1024,64,True,1024,True,e4_smooth_rotate,0.8842744462354734,1070037.4388482478,800.7078873754143,0.0007482989457240573,0.7620908311933816,1101004.8349549072,594.7212134287556,0.0005401622177736513,1.802809273444363,0.046212203100589676,690,4.683479136242961,244.98420057740756,0.008409356844739556,0.42613061966172305,690,0.42613061966172305,6.022881773393248,437,535,0.788686324619073,0.6355966990510034,0.0087890625,1.8911964221990916,0.039852108961414334,690,4.709153818060711,244.98420057740756,5.887331584044606,0.024031474561088638,0.2578726880355469,e4m3,128,32,tile,fp32,0,,bf16,True,True,False,global,forward,True,
