n,tile,variant,actual,exact,max_abs,relative_frobenius
1024,1,fp32,0.9998780488967896,0.9998848897681532,6.840871363600343e-06,6.841658908543522e-06
1024,1,fp32_compensated,0.999884843826294,0.9998848897681532,4.59418592058114e-08,4.594714819269256e-08
1024,128,fp32,0.9998847246170044,0.9998848897681532,1.6515114875659265e-07,1.6517016153218079e-07
1024,128,fp32_compensated,0.999884843826294,0.9998848897681532,4.59418592058114e-08,4.594714819269256e-08
4096,1,fp32,0.9995120763778687,0.9995393807274137,2.730434954500982e-05,2.7316932250472325e-05
4096,1,fp32_compensated,0.9995393753051758,0.9995393807274137,5.422237880914338e-09,5.424736619149823e-09
4096,128,fp32,0.999538779258728,0.9995393807274137,6.014686856348206e-07,6.017458613757694e-07
4096,128,fp32_compensated,0.9995393753051758,0.9995393807274137,5.422237880914338e-09,5.424736619149823e-09
16384,1,fp32,0.9980508089065552,0.9981597290734039,0.00010892016684871386,0.0001091209790138748
16384,1,fp32_compensated,0.9981597065925598,0.9981597290734039,2.248084407519002e-08,2.2522291192872597e-08
16384,128,fp32,0.9981572031974792,0.9981597290734039,2.5258759246415963e-06,2.530532790564871e-06
16384,128,fp32_compensated,0.9981597065925598,0.9981597290734039,2.248084407519002e-08,2.2522291192872597e-08
65536,1,fp32,0.9922481775283813,0.9926789996487392,0.0004308221203578322,0.00043399943033979685
65536,1,fp32_compensated,0.9926789999008179,0.9926789996487392,2.5207869125409843e-10,2.5393776975567814e-10
65536,128,fp32,0.9926689863204956,0.9926789996487392,1.0013328243574371e-05,1.0087176466025373e-05
65536,128,fp32_compensated,0.9926789999008179,0.9926789996487392,2.5207869125409843e-10,2.5393776975567814e-10
