model,layer,head,n,d,causal,rows_evaluated,all_rows,variant,q_token_mean_l2,q_total_energy,q_broadcast_mean_energy,q_mean_energy_fraction,k_token_mean_l2,k_total_energy,k_broadcast_mean_energy,k_mean_energy_fraction,max_abs,relative_frobenius,worst_row,worst_row_l2,reference_frobenius,tv_mean,tv_max,tv_max_row,tv_at_worst_output_row,reference_worst_row_output_l2,reference_worst_row_argmax_key,approx_worst_row_argmax_key,reference_worst_row_max_probability,approx_worst_row_max_probability,argmax_disagreement_fraction,score_only_max_abs,score_only_relative_frobenius,score_only_worst_row,score_only_worst_row_l2,score_only_reference_frobenius,full_minus_score_only_frobenius,full_minus_score_only_relative_frobenius,full_minus_score_only_max_row_l2,cfg_storage,cfg_tile,cfg_query_tile,cfg_scaling,cfg_accumulator,cfg_promote,cfg_probability,cfg_output,cfg_rotate,cfg_smooth_k,cfg_compensated,cfg_update,cfg_order,cfg_causal,cfg_scale
Qwen/Qwen2.5-0.5B-Instruct,0,0,1024,64,True,1024,True,e4_tensor,26.838612489065746,3796849.4566612244,737598.5872263535,0.19426595540476443,247.2198045734901,64208270.402241044,62584454.93591516,0.9747101820972083,0.07946361897199794,0.2358768929318482,277,0.10715183083759541,4.507749329848712,0.17030915947314007,0.3636928690917537,905,0.28625568989263905,0.12698610808012237,276,275,0.20829533704206893,0.26612344220219636,0.416015625,0.07642790773306897,0.2346252607925602,277,0.10538310481760146,4.507749329848712,0.08754727689867771,0.019421505166441,0.006174836084317473,e4m3,128,32,tensor,fp32,0,,bf16,False,False,False,global,forward,True,
Qwen/Qwen2.5-0.5B-Instruct,0,0,1024,64,True,1024,True,e4_tile,26.838612489065746,3796849.4566612244,737598.5872263535,0.19426595540476443,247.2198045734901,64208270.402241044,62584454.93591516,0.9747101820972083,0.07787670490949794,0.2365207957884664,277,0.10514661977950568,4.507749329848712,0.1704778590644276,0.34821138065963314,905,0.2856576967757048,0.12698610808012237,276,275,0.20829533704206893,0.2615753779335469,0.4140625,0.07712075816611057,0.23547005704005447,277,0.10609880903658038,4.507749329848712,0.08605635184897276,0.019090758059490624,0.00662993000282191,e4m3,128,32,tile,fp32,0,,bf16,False,False,False,global,forward,True,
Qwen/Qwen2.5-0.5B-Instruct,0,0,1024,64,True,1024,True,e4_rotate,26.838612489065746,3796849.4566612244,737598.5872263535,0.19426595540476443,247.2198045734901,64208270.402241044,62584454.93591516,0.9747101820972083,0.26521352605767023,1.1706633085706304,572,0.38195834114166977,4.507749329848712,0.8995189865261572,0.9987456739315288,345,0.9880454238750981,0.13748588752288723,570,551,0.3062999043669228,0.9729892776217328,0.9306640625,0.27276544493436294,1.1731707069616433,572,0.3876156345075524,4.507749329848712,0.15387393910600045,0.03413542498627906,0.010877423271795493,e4m3,128,32,tile,fp32,0,,bf16,True,False,False,global,forward,True,
Qwen/Qwen2.5-0.5B-Instruct,0,0,1024,64,True,1024,True,e4_smooth_tile,26.838612489065746,3796849.4566612244,737598.5872263535,0.19426595540476443,247.2198045734901,64208270.402241044,62584454.93591516,0.9747101820972083,0.023214905726574392,0.054868851132607546,1001,0.034602433867888555,4.507749329848712,0.03599703697517241,0.08366809862152524,1001,0.08366809862152524,0.22073851135102582,999,999,0.4416895521602095,0.365131447639576,0.0927734375,0.01983839281156094,0.05120645880037481,1001,0.03087178385549589,4.507749329848712,0.08464364488666527,0.018777362868468567,0.006501843585190076,e4m3,128,32,tile,fp32,0,,bf16,False,True,False,global,forward,True,
Qwen/Qwen2.5-0.5B-Instruct,0,0,1024,64,True,1024,True,e4_smooth_rotate,26.838612489065746,3796849.4566612244,737598.5872263535,0.19426595540476443,247.2198045734901,64208270.402241044,62584454.93591516,0.9747101820972083,0.13970444849008806,0.4488140467437088,715,0.2002695292191728,4.507749329848712,0.3796847576005223,0.6761557563330889,941,0.5019390522044751,0.11011893307763342,713,711,0.33946941525805147,0.5941140052435314,0.638671875,0.1397947309562565,0.44876023541604826,715,0.19991605050176578,4.507749329848712,0.09870783879101411,0.021897366416851513,0.008088431014667387,e4m3,128,32,tile,fp32,0,,bf16,True,True,False,global,forward,True,
Qwen/Qwen2.5-0.5B-Instruct,0,7,1024,64,True,1024,True,e4_tensor,26.83425802957716,1219348.926040588,737359.2616938765,0.6047155542984686,261.1477705778716,73660284.4212468,69834913.8716597,0.9480673937163933,0.051937570160697236,0.20189618889501798,291,0.15786094011759047,3.1929948459394297,0.10804430887041,0.6686307721874073,476,0.6465801615483869,0.09017075343594122,242,272,0.9793391217598225,0.6632474759351698,0.1162109375,0.053305551387886764,0.20171333562619853,291,0.15837796435776869,3.1929948459394297,0.08418017334390931,0.02636401792222191,0.006173444172967976,e4m3,128,32,tensor,fp32,0,,bf16,False,False,False,global,forward,True,
Qwen/Qwen2.5-0.5B-Instruct,0,7,1024,64,True,1024,True,e4_tile,26.83425802957716,1219348.926040588,737359.2616938765,0.6047155542984686,261.1477705778716,73660284.4212468,69834913.8716597,0.9480673937163933,0.04829239051412357,0.21167526493441405,184,0.1303096380145598,3.1929948459394297,0.1143321640125893,0.5621153903699976,1021,0.4790765773282788,0.12906582026251961,165,1,0.5886094258339589,0.8348991326289465,0.1318359375,0.04753247612201662,0.21046562667741237,184,0.13178252125155757,3.1929948459394297,0.083978286815491,0.026300789969106026,0.007276498133205693,e4m3,128,32,tile,fp32,0,,bf16,False,False,False,global,forward,True,
Qwen/Qwen2.5-0.5B-Instruct,0,7,1024,64,True,1024,True,e4_rotate,26.83425802957716,1219348.926040588,737359.2616938765,0.6047155542984686,261.1477705778716,73660284.4212468,69834913.8716597,0.9480673937163933,0.1046711832203236,0.7325442609733608,213,0.29722516955304246,3.1929948459394297,0.4733716556154868,0.9981591303921176,834,0.9819618756926218,0.14398754177793505,164,29,0.9539951738217778,0.7882965710177724,0.4892578125,0.1014894108993392,0.7324765090997114,213,0.29721105363818906,3.1929948459394297,0.08793642777875929,0.02754042271336238,0.0075942806796891246,e4m3,128,32,tile,fp32,0,,bf16,True,False,False,global,forward,True,
Qwen/Qwen2.5-0.5B-Instruct,0,7,1024,64,True,1024,True,e4_smooth_tile,26.83425802957716,1219348.926040588,737359.2616938765,0.6047155542984686,261.1477705778716,73660284.4212468,69834913.8716597,0.9480673937163933,0.029493562389123564,0.11961185818835117,140,0.07629745348595252,3.1929948459394297,0.0662389658488659,0.36815365107062353,506,0.36219370334542167,0.0918019669570337,119,122,0.6989880174051123,0.6152831566348854,0.0751953125,0.02890784374244589,0.11669056649433641,140,0.07510613148245715,3.1929948459394297,0.08364354812309513,0.026195954631579078,0.007831150896177651,e4m3,128,32,tile,fp32,0,,bf16,False,True,False,global,forward,True,
Qwen/Qwen2.5-0.5B-Instruct,0,7,1024,64,True,1024,True,e4_smooth_rotate,26.83425802957716,1219348.926040588,737359.2616938765,0.6047155542984686,261.1477705778716,73660284.4212468,69834913.8716597,0.9480673937163933,0.051896889163070656,0.2732030257959553,46,0.1504960141623898,3.1929948459394297,0.15924622509486275,0.8141817948160754,731,0.5073412325416843,0.08892405686902335,16,27,0.7687734186750982,0.6973805782485455,0.1630859375,0.05115820394973107,0.2718981605586247,46,0.14951205277308569,3.1929948459394297,0.08544804391654465,0.026761096725605418,0.007466796907878142,e4m3,128,32,tile,fp32,0,,bf16,True,True,False,global,forward,True,
Qwen/Qwen2.5-0.5B-Instruct,12,0,1024,64,True,1024,True,e4_tensor,23.02780017694067,1214794.8480112704,543006.2909328474,0.4469942326655386,11.79750679034386,239866.64859908872,142521.51446344648,0.5941697826514258,1.0593684369205536,0.07221952940628296,79,2.2322667952271664,165.5989047793505,0.04727096395140036,0.29977857657227075,477,0.2310488087398785,8.29597750076057,79,79,0.8859808929919568,0.6551601528171271,0.001953125,0.91704136451632,0.06698729476874538,79,2.1751870517441123,165.5989047793505,4.230960477632047,0.025549447221704272,0.462097120067001,e4m3,128,32,tensor,fp32,0,,bf16,False,False,False,global,forward,True,
Qwen/Qwen2.5-0.5B-Instruct,12,0,1024,64,True,1024,True,e4_tile,23.02780017694067,1214794.8480112704,543006.2909328474,0.4469942326655386,11.79750679034386,239866.64859908872,142521.51446344648,0.5941697826514258,0.45119855243710005,0.049084643215692364,3,1.2112946496872707,165.5989047793505,0.03224534610329366,0.23293058175121484,807,0.1507232750295334,5.221737791707888,3,3,0.6506728606868705,0.4999518673257326,0.0009765625,0.46215181036748665,0.04144762876008485,3,1.2128283757905858,165.5989047793505,4.36033811816035,0.026330718333978174,0.44582028623660847,e4m3,128,32,tile,fp32,0,,bf16,False,False,False,global,forward,True,
Qwen/Qwen2.5-0.5B-Instruct,12,0,1024,64,True,1024,True,e4_rotate,23.02780017694067,1214794.8480112704,543006.2909328474,0.4469942326655386,11.79750679034386,239866.64859908872,142521.51446344648,0.5941697826514258,0.33940303623566015,0.039777958430733985,238,0.7985392504371774,165.5989047793505,0.022308493657972106,0.12437293006384527,2,0.08386481929006045,8.514739087171115,238,238,0.8600632570784905,0.7761986451247573,0.0,0.33893289579082797,0.0297984822542204,238,0.7952551463747886,165.5989047793505,4.352027240448666,0.026280531542448617,0.44301327095410226,e4m3,128,32,tile,fp32,0,,bf16,True,False,False,global,forward,True,
Qwen/Qwen2.5-0.5B-Instruct,12,0,1024,64,True,1024,True,e4_smooth_tile,23.02780017694067,1214794.8480112704,543006.2909328474,0.4469942326655386,11.79750679034386,239866.64859908872,142521.51446344648,0.5941697826514258,0.45119855243710005,0.054241530867297195,3,1.3088665464010651,165.5989047793505,0.035236162560261325,0.2299520385415184,807,0.17965879842125065,5.221737791707888,3,0,0.6506728606868705,0.525740081584772,0.001953125,0.46118569665740805,0.0475118511941486,3,1.4429005162378619,165.5989047793505,4.302851668522494,0.025983575641733602,0.44557627921552173,e4m3,128,32,tile,fp32,0,,bf16,False,True,False,global,forward,True,
Qwen/Qwen2.5-0.5B-Instruct,12,0,1024,64,True,1024,True,e4_smooth_rotate,23.02780017694067,1214794.8480112704,543006.2909328474,0.4469942326655386,11.79750679034386,239866.64859908872,142521.51446344648,0.5941697826514258,0.3252162194208652,0.035843757790257384,725,0.7538192728885007,165.5989047793505,0.018845675624976917,0.10766642782154884,1,0.07812960570554607,7.662026473218295,725,725,0.8611233235212925,0.7829937178157464,0.0,0.23223464571749686,0.024355663027795623,725,0.6687159037823716,165.5989047793505,4.37980931866312,0.02644829882479551,0.441738388808463,e4m3,128,32,tile,fp32,0,,bf16,True,True,False,global,forward,True,
Qwen/Qwen2.5-0.5B-Instruct,12,7,1024,64,True,1024,True,e4_tensor,14.556485200469085,281579.90924714215,216976.65166487097,0.7705686540101516,13.446956857310393,365072.127774436,185160.34429170383,0.5071883888273916,0.295666799021691,0.10593201752819098,80,0.6428938567885845,66.97350762486266,0.07533433316512156,0.1657193740500647,574,0.1292024006702683,2.2290665288043154,79,79,0.2528093179359583,0.3542602586643826,0.134765625,0.24824879664739896,0.10379604817387296,80,0.6468112307555834,66.97350762486266,1.4503533621463203,0.021655627927839094,0.1096091734271072,e4m3,128,32,tensor,fp32,0,,bf16,False,False,False,global,forward,True,
Qwen/Qwen2.5-0.5B-Instruct,12,7,1024,64,True,1024,True,e4_tile,14.556485200469085,281579.90924714215,216976.65166487097,0.7705686540101516,13.446956857310393,365072.127774436,185160.34429170383,0.5071883888273916,0.3114106741732109,0.10156826453952027,722,0.6279588236315249,66.97350762486266,0.07113260589881723,0.15272160996036344,512,0.1387275542937525,2.786615863149501,720,0,0.2356407960125949,0.27624620845954834,0.1298828125,0.2912988465394224,0.09888565839551063,722,0.5689582376399392,66.97350762486266,1.4728211647861764,0.021991100914646122,0.14450048679607544,e4m3,128,32,tile,fp32,0,,bf16,False,False,False,global,forward,True,
Qwen/Qwen2.5-0.5B-Instruct,12,7,1024,64,True,1024,True,e4_rotate,14.556485200469085,281579.90924714215,216976.65166487097,0.7705686540101516,13.446956857310393,365072.127774436,185160.34429170383,0.5071883888273916,0.21992090255576247,0.08039921971501357,421,0.5975635684916222,66.97350762486266,0.05217563590905516,0.13054560969308854,421,0.13054560969308854,3.5878675791028405,419,420,0.3712597136689927,0.29527838692829705,0.0927734375,0.2504479505541446,0.07766274648554365,421,0.58760170312007,66.97350762486266,1.4431722670829163,0.021548405007641644,0.1451503610251888,e4m3,128,32,tile,fp32,0,,bf16,True,False,False,global,forward,True,
Qwen/Qwen2.5-0.5B-Instruct,12,7,1024,64,True,1024,True,e4_smooth_tile,14.556485200469085,281579.90924714215,216976.65166487097,0.7705686540101516,13.446956857310393,365072.127774436,185160.34429170383,0.5071883888273916,0.2567231741732109,0.06781225332928922,486,0.43702321541104877,66.97350762486266,0.04173828647112425,0.11197073996171741,895,0.09258738671729552,2.1985055693763496,0,0,0.3341084346270684,0.24269476950809005,0.0966796875,0.2314740570072512,0.06417322994184614,512,0.428811452848075,66.97350762486266,1.4649207923108098,0.02187313826410647,0.12927182393967673,e4m3,128,32,tile,fp32,0,,bf16,False,True,False,global,forward,True,
Qwen/Qwen2.5-0.5B-Instruct,12,7,1024,64,True,1024,True,e4_smooth_rotate,14.556485200469085,281579.90924714215,216976.65166487097,0.7705686540101516,13.446956857310393,365072.127774436,185160.34429170383,0.5071883888273916,0.24379772633973307,0.07150297872586998,783,0.4290758428985775,66.97350762486266,0.04521290455756044,0.09737932326447041,375,0.08764888020633751,3.424263528334454,782,782,0.6057281785783034,0.5187238520959202,0.072265625,0.2159566537374364,0.06772151325777187,783,0.4227635641036997,66.97350762486266,1.451396259686327,0.02167119971998485,0.13889963389656063,e4m3,128,32,tile,fp32,0,,bf16,True,True,False,global,forward,True,
