k,seed,variant,max_abs,relative_frobenius
64,3,fp32,0.0,0.0
64,3,reduced14,14.0,4.688689467527547e-05
64,3,promoted128,14.0,4.688689467527547e-05
64,17,fp32,0.0,0.0
64,17,reduced14,10.28125,4.891367445313454e-05
64,17,promoted128,10.28125,4.891367445313454e-05
64,29,fp32,0.0078125,1.2783588492685622e-08
64,29,reduced14,24.0,5.244067367086734e-05
64,29,promoted128,24.0,5.244067367086734e-05
128,3,fp32,0.0,0.0
128,3,reduced14,60.75,0.0001175707180002202
128,3,promoted128,60.75,0.0001175707180002202
128,17,fp32,0.0,0.0
128,17,reduced14,27.0,0.00010509480557737337
128,17,promoted128,27.0,0.00010509480557737337
128,29,fp32,0.015625,2.4409263479588054e-08
128,29,reduced14,52.75,0.00012633435586367566
128,29,promoted128,52.75,0.00012633435586367566
512,3,fp32,0.03125,2.3535132421936642e-08
512,3,reduced14,212.4375,0.0002905201940168593
512,3,promoted128,70.359375,9.034041615400253e-05
512,17,fp32,0.046875,4.9872453689303965e-08
512,17,reduced14,268.40625,0.0003636865848946287
512,17,promoted128,79.09375,0.00010746601333563219
512,29,fp32,0.03125,3.853647584287225e-08
512,29,reduced14,247.78125,0.00033664380082105473
512,29,promoted128,55.78125,9.395397645364182e-05
4096,3,fp32,0.13671875,9.101562252919392e-08
4096,3,reduced14,3743.4609375,0.0041416609314594895
4096,3,promoted128,127.38671875,0.00010364574911308058
4096,17,fp32,0.16015625,9.927448808087304e-08
4096,17,reduced14,2599.4921875,0.0023738084241670602
4096,17,promoted128,111.0078125,0.00010572951402274821
4096,29,fp32,0.0859375,5.58232670700133e-08
4096,29,reduced14,3090.6953125,0.0023389940002529726
4096,29,promoted128,139.5859375,0.00010609159535958154
16384,3,fp32,0.861328125,2.1561902903667078e-07
16384,3,reduced14,31482.685546875,0.012181888441765078
16384,3,promoted128,379.2109375,0.00011061748326839526
16384,17,fp32,1.115234375,2.590684108094587e-07
16384,17,reduced14,43943.615234375,0.011578966664217307
16384,17,promoted128,244.676025390625,0.00012668190456851928
16384,29,fp32,0.70648193359375,2.1545131346736934e-07
16384,29,reduced14,33439.043518066406,0.011806377942286358
16384,29,promoted128,412.7734375,0.00012554875624327485
65536,3,fp32,1.6953125,3.8692530258454807e-07
65536,3,reduced14,197365.5546875,0.056924084978337335
65536,3,promoted128,334.5546875,9.10934119873336e-05
65536,17,fp32,1.9007568359375,3.2382464210851974e-07
65536,17,reduced14,269467.4953613281,0.04687418606340904
65536,17,promoted128,475.495361328125,8.477270531016634e-05
65536,29,fp32,2.3408203125,3.355391128263028e-07
65536,29,reduced14,206238.4091796875,0.042045176550533324
65536,29,promoted128,364.3511962890625,9.321940342013817e-05
