model,layer,head,n,d,variant,rows_evaluated,all_rows,max_abs,relative_frobenius,worst_row,worst_row_l2,reference_frobenius
Qwen/Qwen2.5-0.5B-Instruct,0,0,128,64,fp32,128,True,1.0137753969421959e-06,2.3498193293238157e-06,15,1.357455954873217e-06,1.60202203423395
Qwen/Qwen2.5-0.5B-Instruct,0,0,128,64,fp32_rotate,128,True,1.082345736896917e-06,5.172422143256013e-06,1,2.086943943577617e-06,1.60202203423395
Qwen/Qwen2.5-0.5B-Instruct,0,0,128,64,bf16,128,True,0.0005009349373251981,0.0017680891769875683,17,0.0005496862370056388,1.60202203423395
Qwen/Qwen2.5-0.5B-Instruct,0,0,128,64,e4_tensor,128,True,0.05319625188880026,0.22720477725412908,15,0.07193840964533073,1.60202203423395
Qwen/Qwen2.5-0.5B-Instruct,0,0,128,64,e5_tensor,128,True,0.11816375245218501,0.40645088987238953,1,0.15689849621645396,1.60202203423395
Qwen/Qwen2.5-0.5B-Instruct,0,0,128,64,e4_tile,128,True,0.04985457708411276,0.2261932296755018,15,0.06812476991122107,1.60202203423395
Qwen/Qwen2.5-0.5B-Instruct,0,0,128,64,e4_rotate,128,True,0.2608066748025911,1.0893906215416667,16,0.34864507941341544,1.60202203423395
Qwen/Qwen2.5-0.5B-Instruct,0,0,128,64,e4_no_p_round,128,True,0.05269271184973776,0.2268541368346815,15,0.07148767047808098,1.60202203423395
Qwen/Qwen2.5-0.5B-Instruct,0,0,128,64,e4_rotate_no_p_round,128,True,0.2610508154275911,1.0897098101471756,16,0.34885993446586155,1.60202203423395
Qwen/Qwen2.5-0.5B-Instruct,0,0,128,64,e4_reduced,128,True,0.05391341497473776,0.22665554210988256,15,0.07279489506153897,1.60202203423395
Qwen/Qwen2.5-0.5B-Instruct,0,0,128,64,e4_promoted,128,True,0.05391341497473776,0.22665554210988256,15,0.07279489506153897,1.60202203423395
Qwen/Qwen2.5-0.5B-Instruct,0,0,128,64,torch_sdpa_fp32,128,True,1.0599939951061454e-06,2.9704855468817847e-06,48,1.5963610936585422e-06,1.60202203423395
Qwen/Qwen2.5-0.5B-Instruct,0,0,128,64,torch_sdpa_bf16,128,True,0.0005009349373251981,0.0017670369143750898,17,0.000549875218526119,1.60202203423395
Qwen/Qwen2.5-0.5B-Instruct,0,0,512,64,fp32,512,True,1.0137753969421959e-06,2.31796568820775e-06,15,1.357455954873217e-06,3.1829724226891374
Qwen/Qwen2.5-0.5B-Instruct,0,0,512,64,fp32_rotate,512,True,2.222575354475509e-06,6.753890358778527e-06,443,3.0842354256149532e-06,3.1829724226891374
Qwen/Qwen2.5-0.5B-Instruct,0,0,512,64,bf16,512,True,0.0006143006246779048,0.0017949563261772739,469,0.0006544229290297334,3.1829724226891374
Qwen/Qwen2.5-0.5B-Instruct,0,0,512,64,e4_tensor,512,True,0.07903637287824794,0.2562579477856546,277,0.10642491109181701,3.1829724226891374
Qwen/Qwen2.5-0.5B-Instruct,0,0,512,64,e5_tensor,512,True,0.13261002252526224,0.3960391117745111,15,0.17488847000400023,3.1829724226891374
Qwen/Qwen2.5-0.5B-Instruct,0,0,512,64,e4_tile,512,True,0.07787670490949794,0.257404086493966,277,0.10514661977950568,3.1829724226891374
Qwen/Qwen2.5-0.5B-Instruct,0,0,512,64,e4_rotate,512,True,0.2608066748025911,1.1743009113257454,456,0.3702633209580956,3.1829724226891374
Qwen/Qwen2.5-0.5B-Instruct,0,0,512,64,e4_no_p_round,512,True,0.07897533772199794,0.2559302153045854,277,0.10696375203446962,3.1829724226891374
Qwen/Qwen2.5-0.5B-Instruct,0,0,512,64,e4_rotate_no_p_round,512,True,0.2610508154275911,1.1745687053663145,456,0.37026325743756366,3.1829724226891374
Qwen/Qwen2.5-0.5B-Instruct,0,0,512,64,e4_reduced,512,True,0.07897533772199794,0.25576159478928145,277,0.10647967199919789,3.1829724226891374
Qwen/Qwen2.5-0.5B-Instruct,0,0,512,64,e4_promoted,512,True,0.07897533772199794,0.25576159478928145,277,0.10647967199919789,3.1829724226891374
Qwen/Qwen2.5-0.5B-Instruct,0,0,512,64,torch_sdpa_fp32,512,True,1.0599939951061454e-06,3.0120055817336355e-06,48,1.5963610936585422e-06,3.1829724226891374
Qwen/Qwen2.5-0.5B-Instruct,0,0,512,64,torch_sdpa_bf16,512,True,0.0006143006246779048,0.0017904607197432036,439,0.0006433722888892712,3.1829724226891374
Qwen/Qwen2.5-0.5B-Instruct,0,0,1024,64,fp32,1024,True,1.0137753969421959e-06,2.3367075240584747e-06,15,1.357455954873217e-06,4.507749329848712
Qwen/Qwen2.5-0.5B-Instruct,0,0,1024,64,fp32_rotate,1024,True,3.2986472007640044e-06,7.3358318823357354e-06,551,4.349600895021461e-06,4.507749329848712
Qwen/Qwen2.5-0.5B-Instruct,0,0,1024,64,bf16,1024,True,0.0006143006246779048,0.001820656636466371,747,0.0006610060874457067,4.507749329848712
Qwen/Qwen2.5-0.5B-Instruct,0,0,1024,64,e4_tensor,1024,True,0.07946361897199794,0.2358768929318482,277,0.10715183083759541,4.507749329848712
Qwen/Qwen2.5-0.5B-Instruct,0,0,1024,64,e5_tensor,1024,True,0.21733360687254089,0.54767668752561,676,0.30003545808873017,4.507749329848712
Qwen/Qwen2.5-0.5B-Instruct,0,0,1024,64,e4_tile,1024,True,0.07787670490949794,0.2365207957884664,277,0.10514661977950568,4.507749329848712
Qwen/Qwen2.5-0.5B-Instruct,0,0,1024,64,e4_rotate,1024,True,0.26521352605767023,1.1706633085706304,572,0.38195834114166977,4.507749329848712
Qwen/Qwen2.5-0.5B-Instruct,0,0,1024,64,e4_no_p_round,1024,True,0.07915844319074794,0.23545298130776257,277,0.10718508263440277,4.507749329848712
Qwen/Qwen2.5-0.5B-Instruct,0,0,1024,64,e4_rotate_no_p_round,1024,True,0.26521352605767023,1.1708695903074633,572,0.38195761863796246,4.507749329848712
Qwen/Qwen2.5-0.5B-Instruct,0,0,1024,64,e4_reduced,1024,True,0.07940258381574794,0.2357834776741047,277,0.10711338320801163,4.507749329848712
Qwen/Qwen2.5-0.5B-Instruct,0,0,1024,64,e4_promoted,1024,True,0.07940258381574794,0.2357834776741047,277,0.10711338320801163,4.507749329848712
Qwen/Qwen2.5-0.5B-Instruct,0,0,1024,64,torch_sdpa_fp32,1024,True,1.0599939951061454e-06,3.0310171191268777e-06,48,1.5963610936585422e-06,4.507749329848712
Qwen/Qwen2.5-0.5B-Instruct,0,0,1024,64,torch_sdpa_bf16,1024,True,0.0006143006246779048,0.0018188059307058851,747,0.0006549394149329374,4.507749329848712
Qwen/Qwen2.5-0.5B-Instruct,0,7,128,64,fp32,128,True,4.456147969485527e-07,1.7267237017122217e-06,7,1.3836635588802175e-06,1.3737191523854109
Qwen/Qwen2.5-0.5B-Instruct,0,7,128,64,fp32_rotate,128,True,6.55001690052957e-07,3.931387723746739e-06,112,1.8580813850723804e-06,1.3737191523854109
Qwen/Qwen2.5-0.5B-Instruct,0,7,128,64,bf16,128,True,0.0002604004920824521,0.0015703103441391786,50,0.0003994696082733427,1.3737191523854109
Qwen/Qwen2.5-0.5B-Instruct,0,7,128,64,e4_tensor,128,True,0.049455482913070656,0.2506322567056182,46,0.14406036643220518,1.3737191523854109
Qwen/Qwen2.5-0.5B-Instruct,0,7,128,64,e5_tensor,128,True,0.07695419846854407,0.40432260406848874,120,0.1949460832368083,1.3737191523854109
Qwen/Qwen2.5-0.5B-Instruct,0,7,128,64,e4_tile,128,True,0.04075168617078024,0.24212794343897368,19,0.10557604850956219,1.3737191523854109
Qwen/Qwen2.5-0.5B-Instruct,0,7,128,64,e4_rotate,128,True,0.09860854275638155,0.7239289554975903,126,0.2555816714587999,1.3737191523854109
Qwen/Qwen2.5-0.5B-Instruct,0,7,128,64,e4_no_p_round,128,True,0.049455482913070656,0.2503704051213009,46,0.14405642847125222,1.3737191523854109
Qwen/Qwen2.5-0.5B-Instruct,0,7,128,64,e4_rotate_no_p_round,128,True,0.09860854275638155,0.7239677056486236,126,0.2555828608352046,1.3737191523854109
Qwen/Qwen2.5-0.5B-Instruct,0,7,128,64,e4_reduced,128,True,0.049455482913070656,0.25050338771921665,46,0.14403357120979793,1.3737191523854109
Qwen/Qwen2.5-0.5B-Instruct,0,7,128,64,e4_promoted,128,True,0.049455482913070656,0.25050338771921665,46,0.14403357120979793,1.3737191523854109
Qwen/Qwen2.5-0.5B-Instruct,0,7,128,64,torch_sdpa_fp32,128,True,4.3304194219124376e-07,2.1622264154859674e-06,7,1.3767803150056613e-06,1.3737191523854109
Qwen/Qwen2.5-0.5B-Instruct,0,7,128,64,torch_sdpa_bf16,128,True,0.0002604004920824521,0.0015719175315835339,50,0.0003994696082733427,1.3737191523854109
Qwen/Qwen2.5-0.5B-Instruct,0,7,512,64,fp32,512,True,4.456147969485527e-07,1.6776504267011648e-06,7,1.3836635588802175e-06,2.4218346000906887
Qwen/Qwen2.5-0.5B-Instruct,0,7,512,64,fp32_rotate,512,True,6.55001690052957e-07,3.4714863950449656e-06,254,1.937076108860302e-06,2.4218346000906887
Qwen/Qwen2.5-0.5B-Instruct,0,7,512,64,bf16,512,True,0.0002604004920824521,0.0015225511744119335,276,0.0004143796628236653,2.4218346000906887
Qwen/Qwen2.5-0.5B-Instruct,0,7,512,64,e4_tensor,512,True,0.04942492952646147,0.21185739439210255,18,0.11072502952294183,2.4218346000906887
Qwen/Qwen2.5-0.5B-Instruct,0,7,512,64,e5_tensor,512,True,0.08538651084278112,0.5319972885399499,125,0.20397587227537628,2.4218346000906887
Qwen/Qwen2.5-0.5B-Instruct,0,7,512,64,e4_tile,512,True,0.04829239051412357,0.22691853319223793,184,0.1303096380145598,2.4218346000906887
Qwen/Qwen2.5-0.5B-Instruct,0,7,512,64,e4_rotate,512,True,0.10069474427740328,0.7267665379212963,213,0.29722516955304246,2.4218346000906887
Qwen/Qwen2.5-0.5B-Instruct,0,7,512,64,e4_no_p_round,512,True,0.04986743440927397,0.21190204728865042,18,0.111086431087605,2.4218346000906887
Qwen/Qwen2.5-0.5B-Instruct,0,7,512,64,e4_rotate_no_p_round,512,True,0.10069474427740328,0.7270604975742199,213,0.2972518981761175,2.4218346000906887
Qwen/Qwen2.5-0.5B-Instruct,0,7,512,64,e4_reduced,512,True,0.04942492952646147,0.21198347173693252,18,0.11067353803494974,2.4218346000906887
Qwen/Qwen2.5-0.5B-Instruct,0,7,512,64,e4_promoted,512,True,0.04942492952646147,0.21198347173693252,18,0.11067353803494974,2.4218346000906887
Qwen/Qwen2.5-0.5B-Instruct,0,7,512,64,torch_sdpa_fp32,512,True,4.3304194219124376e-07,1.8502895375163337e-06,7,1.3767803150056613e-06,2.4218346000906887
Qwen/Qwen2.5-0.5B-Instruct,0,7,512,64,torch_sdpa_bf16,512,True,0.0002604004920824521,0.0015298085796808707,276,0.0004143796628236653,2.4218346000906887
Qwen/Qwen2.5-0.5B-Instruct,0,7,1024,64,fp32,1024,True,4.456147969485527e-07,1.6114232692965062e-06,7,1.3836635588802175e-06,3.1929948459394297
Qwen/Qwen2.5-0.5B-Instruct,0,7,1024,64,fp32_rotate,1024,True,7.59752695873861e-07,3.163564277464918e-06,254,1.937076108860302e-06,3.1929948459394297
Qwen/Qwen2.5-0.5B-Instruct,0,7,1024,64,bf16,1024,True,0.0002604004920824521,0.0015331916496767234,276,0.00041437966282366703,3.1929948459394297
Qwen/Qwen2.5-0.5B-Instruct,0,7,1024,64,e4_tensor,1024,True,0.051937570160697236,0.20189618889501798,291,0.15786094011759047,3.1929948459394297
Qwen/Qwen2.5-0.5B-Instruct,0,7,1024,64,e5_tensor,1024,True,0.07122635459278112,0.5240349826748246,281,0.17211107362264974,3.1929948459394297
Qwen/Qwen2.5-0.5B-Instruct,0,7,1024,64,e4_tile,1024,True,0.04829239051412357,0.21167526493441405,184,0.1303096380145598,3.1929948459394297
Qwen/Qwen2.5-0.5B-Instruct,0,7,1024,64,e4_rotate,1024,True,0.1046711832203236,0.7325442609733608,213,0.29722516955304246,3.1929948459394297
Qwen/Qwen2.5-0.5B-Instruct,0,7,1024,64,e4_no_p_round,1024,True,0.051937570160697236,0.20165359832940025,291,0.15785864412075853,3.1929948459394297
Qwen/Qwen2.5-0.5B-Instruct,0,7,1024,64,e4_rotate_no_p_round,1024,True,0.1046711832203236,0.7326589478934435,213,0.2972518981761175,3.1929948459394297
Qwen/Qwen2.5-0.5B-Instruct,0,7,1024,64,e4_reduced,1024,True,0.052181710785697236,0.20191142800005765,291,0.1580613901531144,3.1929948459394297
Qwen/Qwen2.5-0.5B-Instruct,0,7,1024,64,e4_promoted,1024,True,0.052181710785697236,0.20191142800005765,291,0.1580613901531144,3.1929948459394297
Qwen/Qwen2.5-0.5B-Instruct,0,7,1024,64,torch_sdpa_fp32,1024,True,4.3304194219124376e-07,1.7802467640615917e-06,7,1.3767803150056613e-06,3.1929948459394297
Qwen/Qwen2.5-0.5B-Instruct,0,7,1024,64,torch_sdpa_bf16,1024,True,0.0002604004920824521,0.0015407655056428572,276,0.00041437966282366703,3.1929948459394297
Qwen/Qwen2.5-0.5B-Instruct,12,0,128,64,fp32,128,True,6.366666291945933e-07,1.2591846585666694e-07,6,1.9565974092916096e-06,55.98693194171536
Qwen/Qwen2.5-0.5B-Instruct,12,0,128,64,fp32_rotate,128,True,1.6268753559867122e-06,2.616851783397646e-07,8,5.149687569035471e-06,55.98693194171536
Qwen/Qwen2.5-0.5B-Instruct,12,0,128,64,bf16,128,True,0.007487783873588949,0.0016412476137742252,26,0.012498579450511856,55.98693194171536
Qwen/Qwen2.5-0.5B-Instruct,12,0,128,64,e4_tensor,128,True,0.5674941016463446,0.07287263788762315,79,1.3056443090089684,55.98693194171536
Qwen/Qwen2.5-0.5B-Instruct,12,0,128,64,e5_tensor,128,True,1.3755478082196375,0.38355033697949414,3,4.031440880169299,55.98693194171536
Qwen/Qwen2.5-0.5B-Instruct,12,0,128,64,e4_tile,128,True,0.30596793036866843,0.06636372787694796,3,1.2112946496872707,55.98693194171536
Qwen/Qwen2.5-0.5B-Instruct,12,0,128,64,e4_rotate,128,True,0.3224160382488903,0.05404811746609482,2,0.7589097745177964,55.98693194171536
Qwen/Qwen2.5-0.5B-Instruct,12,0,128,64,e4_no_p_round,128,True,0.5674941016463446,0.07297969143868245,79,1.305407738943997,55.98693194171536
Qwen/Qwen2.5-0.5B-Instruct,12,0,128,64,e4_rotate_no_p_round,128,True,0.3224160382488903,0.05404081562884881,2,0.7607010544368191,55.98693194171536
Qwen/Qwen2.5-0.5B-Instruct,12,0,128,64,e4_reduced,128,True,0.5674941016463446,0.07287425847586501,79,1.3051350602793614,55.98693194171536
Qwen/Qwen2.5-0.5B-Instruct,12,0,128,64,e4_promoted,128,True,0.5674941016463446,0.07287425847586501,79,1.3051350602793614,55.98693194171536
Qwen/Qwen2.5-0.5B-Instruct,12,0,128,64,torch_sdpa_fp32,128,True,1.3637125524379456e-06,2.1705940740835824e-07,3,5.305052826005034e-06,55.98693194171536
Qwen/Qwen2.5-0.5B-Instruct,12,0,128,64,torch_sdpa_bf16,128,True,0.007487783873588949,0.0016415895290783264,26,0.012504976154939961,55.98693194171536
Qwen/Qwen2.5-0.5B-Instruct,12,0,512,64,fp32,512,True,6.885728298655636e-07,1.1576010351677863e-07,6,1.9565974092916096e-06,115.72511749908179
Qwen/Qwen2.5-0.5B-Instruct,12,0,512,64,fp32_rotate,512,True,2.5004159511787805e-06,2.1055021294616774e-07,238,5.175309209552656e-06,115.72511749908179
Qwen/Qwen2.5-0.5B-Instruct,12,0,512,64,bf16,512,True,0.01338581628067459,0.0016558117987247973,277,0.026024819711589355,115.72511749908179
Qwen/Qwen2.5-0.5B-Instruct,12,0,512,64,e4_tensor,512,True,0.4343684369205536,0.054044535720746634,76,0.9608676789911276,115.72511749908179
Qwen/Qwen2.5-0.5B-Instruct,12,0,512,64,e5_tensor,512,True,0.9753816726704105,0.10090463633954928,277,2.258212854995159,115.72511749908179
Qwen/Qwen2.5-0.5B-Instruct,12,0,512,64,e4_tile,512,True,0.33055538595825595,0.05304511311629383,3,1.2112946496872707,115.72511749908179
Qwen/Qwen2.5-0.5B-Instruct,12,0,512,64,e4_rotate,512,True,0.33940303623566015,0.04198198589251465,238,0.7985392504371774,115.72511749908179
Qwen/Qwen2.5-0.5B-Instruct,12,0,512,64,e4_no_p_round,512,True,0.4343684369205536,0.054022515236934354,76,0.9600796202662386,115.72511749908179
Qwen/Qwen2.5-0.5B-Instruct,12,0,512,64,e4_rotate_no_p_round,512,True,0.33940303623566015,0.04196972541108052,238,0.7980919754675077,115.72511749908179
Qwen/Qwen2.5-0.5B-Instruct,12,0,512,64,e4_reduced,512,True,0.4343684369205536,0.05402950911644693,76,0.9624190003690039,115.72511749908179
Qwen/Qwen2.5-0.5B-Instruct,12,0,512,64,e4_promoted,512,True,0.4343684369205536,0.05402950911644693,76,0.9624190003690039,115.72511749908179
Qwen/Qwen2.5-0.5B-Instruct,12,0,512,64,torch_sdpa_fp32,512,True,1.3637125524379456e-06,1.6994616130318804e-07,3,5.305052826005034e-06,115.72511749908179
Qwen/Qwen2.5-0.5B-Instruct,12,0,512,64,torch_sdpa_bf16,512,True,0.01338581628067459,0.001656640031301553,277,0.026024819711589355,115.72511749908179
Qwen/Qwen2.5-0.5B-Instruct,12,0,1024,64,fp32,1024,True,7.70248993475775e-07,1.1371738788527429e-07,715,1.976514591347816e-06,165.5989047793505
Qwen/Qwen2.5-0.5B-Instruct,12,0,1024,64,fp32_rotate,1024,True,2.5004159511787805e-06,1.8997374959598728e-07,238,5.175309209552656e-06,165.5989047793505
Qwen/Qwen2.5-0.5B-Instruct,12,0,1024,64,bf16,1024,True,0.01338581628067459,0.0016554119173112223,277,0.026024819711589136,165.5989047793505
Qwen/Qwen2.5-0.5B-Instruct,12,0,1024,64,e4_tensor,1024,True,1.0593684369205536,0.07221952940628296,79,2.2322667952271664,165.5989047793505
Qwen/Qwen2.5-0.5B-Instruct,12,0,1024,64,e5_tensor,1024,True,1.0048069467474554,0.1347981586433239,887,3.562191770991169,165.5989047793505
Qwen/Qwen2.5-0.5B-Instruct,12,0,1024,64,e4_tile,1024,True,0.45119855243710005,0.049084643215692364,3,1.2112946496872707,165.5989047793505
Qwen/Qwen2.5-0.5B-Instruct,12,0,1024,64,e4_rotate,1024,True,0.33940303623566015,0.039777958430733985,238,0.7985392504371774,165.5989047793505
Qwen/Qwen2.5-0.5B-Instruct,12,0,1024,64,e4_no_p_round,1024,True,1.0593684369205536,0.07224637520590729,79,2.2308500793821113,165.5989047793505
Qwen/Qwen2.5-0.5B-Instruct,12,0,1024,64,e4_rotate_no_p_round,1024,True,0.33940303623566015,0.03977155463504376,238,0.7980919754675077,165.5989047793505
Qwen/Qwen2.5-0.5B-Instruct,12,0,1024,64,e4_reduced,1024,True,1.0593684369205536,0.07220723897120816,79,2.2283749933673294,165.5989047793505
Qwen/Qwen2.5-0.5B-Instruct,12,0,1024,64,e4_promoted,1024,True,1.0593684369205536,0.07220723897120816,79,2.2283749933673294,165.5989047793505
Qwen/Qwen2.5-0.5B-Instruct,12,0,1024,64,torch_sdpa_fp32,1024,True,1.3637125524379456e-06,1.6292762596685143e-07,3,5.305052826005034e-06,165.5989047793505
Qwen/Qwen2.5-0.5B-Instruct,12,0,1024,64,torch_sdpa_bf16,1024,True,0.01338581628067459,0.0016562826486986985,277,0.026024819711589136,165.5989047793505
Qwen/Qwen2.5-0.5B-Instruct,12,7,128,64,fp32,128,True,3.2462437621338935e-07,1.5553071795224082e-07,86,8.527299589656468e-07,23.650603424441254
Qwen/Qwen2.5-0.5B-Instruct,12,7,128,64,fp32_rotate,128,True,9.243491471411236e-07,4.6165322860534064e-07,71,2.649490258540975e-06,23.650603424441254
Qwen/Qwen2.5-0.5B-Instruct,12,7,128,64,bf16,128,True,0.004627681761624203,0.0018508665606911613,87,0.007496471128874857,23.650603424441254
Qwen/Qwen2.5-0.5B-Instruct,12,7,128,64,e4_tensor,128,True,0.19773886629804238,0.10498540145290607,24,0.4179384761682939,23.650603424441254
Qwen/Qwen2.5-0.5B-Instruct,12,7,128,64,e5_tensor,128,True,0.5889895189997878,0.20907173049671496,68,1.0613943061586342,23.650603424441254
Qwen/Qwen2.5-0.5B-Instruct,12,7,128,64,e4_tile,128,True,0.1633486448877276,0.10321390861572255,24,0.4495459105788489,23.650603424441254
Qwen/Qwen2.5-0.5B-Instruct,12,7,128,64,e4_rotate,128,True,0.13727480695384076,0.07537105594809201,38,0.3305908395105186,23.650603424441254
Qwen/Qwen2.5-0.5B-Instruct,12,7,128,64,e4_no_p_round,128,True,0.20555136629804238,0.10442544742827359,24,0.43975854097044254,23.650603424441254
Qwen/Qwen2.5-0.5B-Instruct,12,7,128,64,e4_rotate_no_p_round,128,True,0.12848574445384076,0.0739816679806824,38,0.3191828189091577,23.650603424441254
Qwen/Qwen2.5-0.5B-Instruct,12,7,128,64,e4_reduced,128,True,0.19773886629804238,0.1049657772097771,24,0.41907073044561965,23.650603424441254
Qwen/Qwen2.5-0.5B-Instruct,12,7,128,64,e4_promoted,128,True,0.19773886629804238,0.1049657772097771,24,0.41907073044561965,23.650603424441254
Qwen/Qwen2.5-0.5B-Instruct,12,7,128,64,torch_sdpa_fp32,128,True,5.208469537887339e-07,2.2162924788343715e-07,70,1.1450276054170307e-06,23.650603424441254
Qwen/Qwen2.5-0.5B-Instruct,12,7,128,64,torch_sdpa_bf16,128,True,0.004627681761624203,0.001848095358048832,87,0.007496471128874857,23.650603424441254
Qwen/Qwen2.5-0.5B-Instruct,12,7,512,64,fp32,512,True,4.649371260212476e-07,1.577224827946962e-07,329,1.0130591619694663e-06,46.51845928230586
Qwen/Qwen2.5-0.5B-Instruct,12,7,512,64,fp32_rotate,512,True,1.6426858713280978e-06,5.173829636876384e-07,351,3.53672695515109e-06,46.51845928230586
Qwen/Qwen2.5-0.5B-Instruct,12,7,512,64,bf16,512,True,0.005389173639228861,0.001837911693114984,391,0.007850698160843387,46.51845928230586
Qwen/Qwen2.5-0.5B-Instruct,12,7,512,64,e4_tensor,512,True,0.24380218361914285,0.10753352343223647,81,0.5475982670599302,46.51845928230586
Qwen/Qwen2.5-0.5B-Instruct,12,7,512,64,e5_tensor,512,True,0.6737558205667642,0.22935654431977343,508,1.1659300196772144,46.51845928230586
Qwen/Qwen2.5-0.5B-Instruct,12,7,512,64,e4_tile,512,True,0.27729031386187664,0.1030902185972028,246,0.5314926401643211,46.51845928230586
Qwen/Qwen2.5-0.5B-Instruct,12,7,512,64,e4_rotate,512,True,0.1829987462402269,0.08037235452756564,421,0.5975635684916222,46.51845928230586
Qwen/Qwen2.5-0.5B-Instruct,12,7,512,64,e4_no_p_round,512,True,0.25020778330959037,0.10680184657753539,81,0.5511065335318782,46.51845928230586
Qwen/Qwen2.5-0.5B-Instruct,12,7,512,64,e4_rotate_no_p_round,512,True,0.1860810216308519,0.07923796180096221,421,0.6023231218473464,46.51845928230586
Qwen/Qwen2.5-0.5B-Instruct,12,7,512,64,e4_reduced,512,True,0.24380218361914285,0.10752812202784218,81,0.5479060376796293,46.51845928230586
Qwen/Qwen2.5-0.5B-Instruct,12,7,512,64,e4_promoted,512,True,0.24380218361914285,0.10752812202784218,81,0.5479060376796293,46.51845928230586
Qwen/Qwen2.5-0.5B-Instruct,12,7,512,64,torch_sdpa_fp32,512,True,8.696686253362174e-07,2.597926125827162e-07,217,2.037301940786014e-06,46.51845928230586
Qwen/Qwen2.5-0.5B-Instruct,12,7,512,64,torch_sdpa_bf16,512,True,0.005389173639228861,0.0018410364313546322,491,0.007793970991918638,46.51845928230586
Qwen/Qwen2.5-0.5B-Instruct,12,7,1024,64,fp32,1024,True,7.380928774836093e-07,1.577540206992507e-07,726,1.6390051626641179e-06,66.97350762486266
Qwen/Qwen2.5-0.5B-Instruct,12,7,1024,64,fp32_rotate,1024,True,1.642685871383609e-06,4.896560381528143e-07,351,3.5367269551929664e-06,66.97350762486266
Qwen/Qwen2.5-0.5B-Instruct,12,7,1024,64,bf16,1024,True,0.007633553673156879,0.0018201943850343297,811,0.01162193849180423,66.97350762486266
Qwen/Qwen2.5-0.5B-Instruct,12,7,1024,64,e4_tensor,1024,True,0.295666799021691,0.10593201752819098,80,0.6428938567885845,66.97350762486266
Qwen/Qwen2.5-0.5B-Instruct,12,7,1024,64,e5_tensor,1024,True,0.9139457535667528,0.2288873307871257,631,1.4501949464906692,66.97350762486266
Qwen/Qwen2.5-0.5B-Instruct,12,7,1024,64,e4_tile,1024,True,0.3114106741732109,0.10156826453952027,722,0.6279588236315249,66.97350762486266
Qwen/Qwen2.5-0.5B-Instruct,12,7,1024,64,e4_rotate,1024,True,0.21992090255576247,0.08039921971501357,421,0.5975635684916222,66.97350762486266
Qwen/Qwen2.5-0.5B-Instruct,12,7,1024,64,e4_no_p_round,1024,True,0.287854299021691,0.10547443691283435,80,0.6497818304735167,66.97350762486266
Qwen/Qwen2.5-0.5B-Instruct,12,7,1024,64,e4_rotate_no_p_round,1024,True,0.2150180978457094,0.07952873316989247,421,0.6023231218473464,66.97350762486266
Qwen/Qwen2.5-0.5B-Instruct,12,7,1024,64,e4_reduced,1024,True,0.295666799021691,0.10598867215943991,80,0.6415067433489726,66.97350762486266
Qwen/Qwen2.5-0.5B-Instruct,12,7,1024,64,e4_promoted,1024,True,0.295666799021691,0.10598867215943991,80,0.6415067433489726,66.97350762486266
Qwen/Qwen2.5-0.5B-Instruct,12,7,1024,64,torch_sdpa_fp32,1024,True,8.696686253362174e-07,2.642827998675633e-07,217,2.037301940786014e-06,66.97350762486266
Qwen/Qwen2.5-0.5B-Instruct,12,7,1024,64,torch_sdpa_bf16,1024,True,0.007633553673156879,0.0018205404631988819,811,0.01162193849180423,66.97350762486266
