study,n,d,causal,scenario,input_std,outlier_multiplier,tile,scale_multiplier,seed,variant,rows_evaluated,all_rows,max_abs,relative_frobenius,worst_row,worst_row_l2,reference_frobenius,cfg_storage,cfg_tile,cfg_query_tile,cfg_scaling,cfg_accumulator,cfg_promote,cfg_probability,cfg_output,cfg_rotate,cfg_compensated,cfg_update,cfg_order,cfg_causal,cfg_scale
softmax,65536,64,False,flat,0.25,1,128,0.5,3,fp32,128,False,7.130009630883921e-09,9.244668261500958e-07,16397,1.1212347252890017e-08,0.09086711542374636,fp32,128,32,tensor,fp32,0,,fp32,False,False,global,forward,False,0.0625
softmax,65536,64,False,flat,0.25,1,128,0.5,3,fp32_compensated,128,False,7.130009630883921e-09,8.609038308300481e-07,16400,9.64603609482373e-09,0.09086711542374636,fp32,128,32,tensor,fp32,0,,fp32,False,True,global,forward,False,0.0625
softmax,65536,64,False,flat,0.25,1,128,0.5,3,fp32_reverse,128,False,4.400668077988654e-09,8.528635310648996e-07,22,9.47674992494908e-09,0.09086711542374636,fp32,128,32,tensor,fp32,0,,fp32,False,False,global,reverse,False,0.0625
softmax,65536,64,False,flat,0.25,1,128,0.5,3,fp32_local,128,False,3.5637093501877937e-09,5.79749337699825e-07,65535,8.308685544704208e-09,0.09086711542374636,fp32,128,32,tensor,fp32,0,,fp32,False,False,local,forward,False,0.0625
softmax,65536,64,False,flat,0.25,1,128,0.5,3,e4_tensor,128,False,0.00013468022145409983,0.03645147110615199,16,0.00033612750307933544,0.09086711542374636,e4m3,128,32,tensor,fp32,0,,bf16,False,False,global,forward,False,0.0625
softmax,65536,64,False,flat,0.25,1,128,0.5,3,e4_compensated,128,False,0.00013468022145409983,0.03645147110615199,16,0.00033612750307933544,0.09086711542374636,e4m3,128,32,tensor,fp32,0,,bf16,False,True,global,forward,False,0.0625
softmax,65536,64,False,flat,0.25,1,128,0.5,17,fp32,128,False,5.928609641842747e-09,8.372562080010346e-07,16402,1.0076919046136793e-08,0.09437832059603284,fp32,128,32,tensor,fp32,0,,fp32,False,False,global,forward,False,0.0625
softmax,65536,64,False,flat,0.25,1,128,0.5,17,fp32_compensated,128,False,5.911977903321625e-09,7.818892007925964e-07,32798,9.194626178548729e-09,0.09437832059603284,fp32,128,32,tensor,fp32,0,,fp32,False,True,global,forward,False,0.0625
softmax,65536,64,False,flat,0.25,1,128,0.5,17,fp32_reverse,128,False,4.594129534261915e-09,8.520894683259277e-07,8,1.0181814668559792e-08,0.09437832059603284,fp32,128,32,tensor,fp32,0,,fp32,False,False,global,reverse,False,0.0625
softmax,65536,64,False,flat,0.25,1,128,0.5,17,fp32_local,128,False,2.9699264918019164e-09,5.026665779268418e-07,16402,7.571201707984914e-09,0.09437832059603284,fp32,128,32,tensor,fp32,0,,fp32,False,False,local,forward,False,0.0625
softmax,65536,64,False,flat,0.25,1,128,0.5,17,e4_tensor,128,False,0.00013723666546571487,0.031560836375528555,15,0.0003137550849765419,0.09437832059603284,e4m3,128,32,tensor,fp32,0,,bf16,False,False,global,forward,False,0.0625
softmax,65536,64,False,flat,0.25,1,128,0.5,17,e4_compensated,128,False,0.00013723666546571487,0.03155948300334858,15,0.0003137550849765419,0.09437832059603284,e4m3,128,32,tensor,fp32,0,,bf16,False,True,global,forward,False,0.0625
softmax,65536,64,False,flat,0.25,1,128,0.5,29,fp32,128,False,5.818285685708913e-09,8.455843755787485e-07,65520,1.1428431251293584e-08,0.10022589187038136,fp32,128,32,tensor,fp32,0,,fp32,False,False,global,forward,False,0.0625
softmax,65536,64,False,flat,0.25,1,128,0.5,29,fp32_compensated,128,False,5.119793754747304e-09,7.676266353523058e-07,3,9.596087485094116e-09,0.10022589187038136,fp32,128,32,tensor,fp32,0,,fp32,False,True,global,forward,False,0.0625
softmax,65536,64,False,flat,0.25,1,128,0.5,29,fp32_reverse,128,False,6.4731667417765315e-09,8.08298720363087e-07,16391,9.652965704636123e-09,0.10022589187038136,fp32,128,32,tensor,fp32,0,,fp32,False,False,global,reverse,False,0.0625
softmax,65536,64,False,flat,0.25,1,128,0.5,29,fp32_local,128,False,3.835714088365472e-09,5.405140376243828e-07,65520,8.313951633316878e-09,0.10022589187038136,fp32,128,32,tensor,fp32,0,,fp32,False,False,local,forward,False,0.0625
softmax,65536,64,False,flat,0.25,1,128,0.5,29,e4_tensor,128,False,0.00012307704461278252,0.02903784961789791,32794,0.00030090697419905723,0.10022589187038136,e4m3,128,32,tensor,fp32,0,,bf16,False,False,global,forward,False,0.0625
softmax,65536,64,False,flat,0.25,1,128,0.5,29,e4_compensated,128,False,0.00012307704461278252,0.02903784961789791,32794,0.00030090697419905723,0.10022589187038136,e4m3,128,32,tensor,fp32,0,,bf16,False,True,global,forward,False,0.0625
softmax,65536,64,False,flat,0.25,1,128,1.0,3,fp32,128,False,6.636770948781345e-09,9.413943138933063e-07,32788,1.2393107197174533e-08,0.09099503377387558,fp32,128,32,tensor,fp32,0,,fp32,False,False,global,forward,False,0.125
softmax,65536,64,False,flat,0.25,1,128,1.0,3,fp32_compensated,128,False,6.636770948781345e-09,8.667954382467785e-07,17,9.284051615931704e-09,0.09099503377387558,fp32,128,32,tensor,fp32,0,,fp32,False,True,global,forward,False,0.125
softmax,65536,64,False,flat,0.25,1,128,1.0,3,fp32_reverse,128,False,5.410179409288604e-09,8.744708300895784e-07,65508,1.0167192988725616e-08,0.09099503377387558,fp32,128,32,tensor,fp32,0,,fp32,False,False,global,reverse,False,0.125
softmax,65536,64,False,flat,0.25,1,128,1.0,3,fp32_local,128,False,4.02834386854789e-09,5.936739916874429e-07,12,9.522236790871758e-09,0.09099503377387558,fp32,128,32,tensor,fp32,0,,fp32,False,False,local,forward,False,0.125
softmax,65536,64,False,flat,0.25,1,128,1.0,3,e4_tensor,128,False,0.00016164493656084023,0.03794390911771319,65525,0.0003669625288472348,0.09099503377387558,e4m3,128,32,tensor,fp32,0,,bf16,False,False,global,forward,False,0.125
softmax,65536,64,False,flat,0.25,1,128,1.0,3,e4_compensated,128,False,0.00016164493656084023,0.03794600438692053,65525,0.0003669625288472348,0.09099503377387558,e4m3,128,32,tensor,fp32,0,,bf16,False,True,global,forward,False,0.125
softmax,65536,64,False,flat,0.25,1,128,1.0,17,fp32,128,False,5.654108219815823e-09,8.635356774360619e-07,21,1.1145158342882675e-08,0.09448193151283767,fp32,128,32,tensor,fp32,0,,fp32,False,False,global,forward,False,0.125
softmax,65536,64,False,flat,0.25,1,128,1.0,17,fp32_compensated,128,False,5.16628318987869e-09,7.894201292005559e-07,6,8.815580888845623e-09,0.09448193151283767,fp32,128,32,tensor,fp32,0,,fp32,False,True,global,forward,False,0.125
softmax,65536,64,False,flat,0.25,1,128,1.0,17,fp32_reverse,128,False,5.947405509699674e-09,8.593455358476599e-07,3,1.1207497283653047e-08,0.09448193151283767,fp32,128,32,tensor,fp32,0,,fp32,False,False,global,reverse,False,0.125
softmax,65536,64,False,flat,0.25,1,128,1.0,17,fp32_local,128,False,3.6549604263275137e-09,5.309830293588272e-07,32772,7.939152810055636e-09,0.09448193151283767,fp32,128,32,tensor,fp32,0,,fp32,False,False,local,forward,False,0.125
softmax,65536,64,False,flat,0.25,1,128,1.0,17,e4_tensor,128,False,0.00013493708135776982,0.03340811397653871,18,0.0003532795749880611,0.09448193151283767,e4m3,128,32,tensor,fp32,0,,bf16,False,False,global,forward,False,0.125
softmax,65536,64,False,flat,0.25,1,128,1.0,17,e4_compensated,128,False,0.00013493708135776982,0.03340811397653871,18,0.0003532795749880611,0.09448193151283767,e4m3,128,32,tensor,fp32,0,,bf16,False,True,global,forward,False,0.125
softmax,65536,64,False,flat,0.25,1,128,1.0,29,fp32,128,False,6.105962521620739e-09,8.570746247950043e-07,15,1.2283156400297403e-08,0.10038147594497131,fp32,128,32,tensor,fp32,0,,fp32,False,False,global,forward,False,0.125
softmax,65536,64,False,flat,0.25,1,128,1.0,29,fp32_compensated,128,False,5.8731318779668695e-09,7.974838961609313e-07,32777,9.33379224294504e-09,0.10038147594497131,fp32,128,32,tensor,fp32,0,,fp32,False,True,global,forward,False,0.125
softmax,65536,64,False,flat,0.25,1,128,1.0,29,fp32_reverse,128,False,6.825515602368326e-09,8.340579562307103e-07,30,1.1123597914521518e-08,0.10038147594497131,fp32,128,32,tensor,fp32,0,,fp32,False,False,global,reverse,False,0.125
softmax,65536,64,False,flat,0.25,1,128,1.0,29,fp32_local,128,False,3.8081151613154895e-09,5.223978241354205e-07,15,9.436671876645929e-09,0.10038147594497131,fp32,128,32,tensor,fp32,0,,fp32,False,False,local,forward,False,0.125
softmax,65536,64,False,flat,0.25,1,128,1.0,29,e4_tensor,128,False,0.00013846887897219482,0.03140893142431159,16407,0.0003455477951664553,0.10038147594497131,e4m3,128,32,tensor,fp32,0,,bf16,False,False,global,forward,False,0.125
softmax,65536,64,False,flat,0.25,1,128,1.0,29,e4_compensated,128,False,0.00013846887897219482,0.03140893142431159,16407,0.0003455477951664553,0.10038147594497131,e4m3,128,32,tensor,fp32,0,,bf16,False,True,global,forward,False,0.125
softmax,65536,64,False,flat,0.25,1,128,2.0,3,fp32,128,False,6.924318280429956e-09,9.024438782779393e-07,32772,1.022196929756782e-08,0.0915011792423768,fp32,128,32,tensor,fp32,0,,fp32,False,False,global,forward,False,0.25
softmax,65536,64,False,flat,0.25,1,128,2.0,3,fp32_compensated,128,False,5.958646104309295e-09,8.42668613611154e-07,27,9.470884988252929e-09,0.0915011792423768,fp32,128,32,tensor,fp32,0,,fp32,False,True,global,forward,False,0.25
softmax,65536,64,False,flat,0.25,1,128,2.0,3,fp32_reverse,128,False,5.86293262441577e-09,9.303789320945563e-07,65504,1.1748226450642652e-08,0.0915011792423768,fp32,128,32,tensor,fp32,0,,fp32,False,False,global,reverse,False,0.25
softmax,65536,64,False,flat,0.25,1,128,2.0,3,fp32_local,128,False,4.06020164386324e-09,5.506185084310514e-07,65513,8.001822100339689e-09,0.0915011792423768,fp32,128,32,tensor,fp32,0,,fp32,False,False,local,forward,False,0.25
softmax,65536,64,False,flat,0.25,1,128,2.0,3,e4_tensor,128,False,0.00017573923464220612,0.0400012567766735,32780,0.00038984882713999336,0.0915011792423768,e4m3,128,32,tensor,fp32,0,,bf16,False,False,global,forward,False,0.25
softmax,65536,64,False,flat,0.25,1,128,2.0,3,e4_compensated,128,False,0.00017573923464220612,0.0400012567766735,32780,0.00038984882713999336,0.0915011792423768,e4m3,128,32,tensor,fp32,0,,bf16,False,True,global,forward,False,0.25
softmax,65536,64,False,flat,0.25,1,128,2.0,17,fp32,128,False,6.760883605565204e-09,8.641541310511093e-07,32776,1.0994992999891844e-08,0.0949212545133392,fp32,128,32,tensor,fp32,0,,fp32,False,False,global,forward,False,0.25
softmax,65536,64,False,flat,0.25,1,128,2.0,17,fp32_compensated,128,False,6.295222318257465e-09,8.073011953694518e-07,32798,9.281798861069958e-09,0.0949212545133392,fp32,128,32,tensor,fp32,0,,fp32,False,True,global,forward,False,0.25
softmax,65536,64,False,flat,0.25,1,128,2.0,17,fp32_reverse,128,False,5.627975798068452e-09,8.607662831931647e-07,65506,1.128364428319627e-08,0.0949212545133392,fp32,128,32,tensor,fp32,0,,fp32,False,False,global,reverse,False,0.25
softmax,65536,64,False,flat,0.25,1,128,2.0,17,fp32_local,128,False,3.2474375384963783e-09,5.222059864376323e-07,65525,7.443558191477153e-09,0.0949212545133392,fp32,128,32,tensor,fp32,0,,fp32,False,False,local,forward,False,0.25
softmax,65536,64,False,flat,0.25,1,128,2.0,17,e4_tensor,128,False,0.0001622620178662311,0.03513326346042523,65530,0.0003572839823326409,0.0949212545133392,e4m3,128,32,tensor,fp32,0,,bf16,False,False,global,forward,False,0.25
softmax,65536,64,False,flat,0.25,1,128,2.0,17,e4_compensated,128,False,0.0001622620178662311,0.03513569811761802,65530,0.0003572839823326409,0.0949212545133392,e4m3,128,32,tensor,fp32,0,,bf16,False,True,global,forward,False,0.25
softmax,65536,64,False,flat,0.25,1,128,2.0,29,fp32,128,False,6.779148709404326e-09,8.945435840617874e-07,32792,1.3711567181646834e-08,0.10093006505736778,fp32,128,32,tensor,fp32,0,,fp32,False,False,global,forward,False,0.25
softmax,65536,64,False,flat,0.25,1,128,2.0,29,fp32_compensated,128,False,6.261691257733806e-09,8.163929214577134e-07,32769,9.875920837850421e-09,0.10093006505736778,fp32,128,32,tensor,fp32,0,,fp32,False,True,global,forward,False,0.25
softmax,65536,64,False,flat,0.25,1,128,2.0,29,fp32_reverse,128,False,5.996724320020061e-09,8.731166503464048e-07,65514,1.3752145940581034e-08,0.10093006505736778,fp32,128,32,tensor,fp32,0,,fp32,False,False,global,reverse,False,0.25
softmax,65536,64,False,flat,0.25,1,128,2.0,29,fp32_local,128,False,4.310161535840684e-09,5.436082300159371e-07,32793,9.330671575231022e-09,0.10093006505736778,fp32,128,32,tensor,fp32,0,,fp32,False,False,local,forward,False,0.25
softmax,65536,64,False,flat,0.25,1,128,2.0,29,e4_tensor,128,False,0.00013251364088076882,0.03295209935871854,11,0.0003516354721031845,0.10093006505736778,e4m3,128,32,tensor,fp32,0,,bf16,False,False,global,forward,False,0.25
softmax,65536,64,False,flat,0.25,1,128,2.0,29,e4_compensated,128,False,0.00013251364088076882,0.03295237205205452,11,0.0003516354721031845,0.10093006505736778,e4m3,128,32,tensor,fp32,0,,bf16,False,True,global,forward,False,0.25
softmax,65536,64,False,normal,1.0,1,128,0.5,3,fp32,128,False,3.3824047495148446e-08,9.053152768466036e-07,65532,4.653444663512194e-08,0.40931017723573065,fp32,128,32,tensor,fp32,0,,fp32,False,False,global,forward,False,0.0625
softmax,65536,64,False,normal,1.0,1,128,0.5,3,fp32_compensated,128,False,3.4755370069763925e-08,8.477579598505434e-07,12,4.396128292414504e-08,0.40931017723573065,fp32,128,32,tensor,fp32,0,,fp32,False,True,global,forward,False,0.0625
softmax,65536,64,False,normal,1.0,1,128,0.5,3,fp32_reverse,128,False,3.250897326334545e-08,9.248613082234375e-07,16394,4.9231727663826903e-08,0.40931017723573065,fp32,128,32,tensor,fp32,0,,fp32,False,False,global,reverse,False,0.0625
softmax,65536,64,False,normal,1.0,1,128,0.5,3,fp32_local,128,False,1.470205754881826e-08,5.499897732318026e-07,65519,3.721397611051255e-08,0.40931017723573065,fp32,128,32,tensor,fp32,0,,fp32,False,False,local,forward,False,0.0625
softmax,65536,64,False,normal,1.0,1,128,0.5,3,e4_tensor,128,False,0.0008620284532112783,0.04172965400882503,32788,0.001853969651989396,0.40931017723573065,e4m3,128,32,tensor,fp32,0,,bf16,False,False,global,forward,False,0.0625
softmax,65536,64,False,normal,1.0,1,128,0.5,3,e4_compensated,128,False,0.0008620284532112783,0.04172965400882503,32788,0.001853969651989396,0.40931017723573065,e4m3,128,32,tensor,fp32,0,,bf16,False,True,global,forward,False,0.0625
softmax,65536,64,False,normal,1.0,1,128,0.5,17,fp32,128,False,3.041340899956335e-08,8.87174392928984e-07,65534,5.119888471461392e-08,0.41943751500225973,fp32,128,32,tensor,fp32,0,,fp32,False,False,global,forward,False,0.0625
softmax,65536,64,False,normal,1.0,1,128,0.5,17,fp32_compensated,128,False,2.482547355187048e-08,8.104733134028377e-07,65505,4.142769916161831e-08,0.41943751500225973,fp32,128,32,tensor,fp32,0,,fp32,False,True,global,forward,False,0.0625
softmax,65536,64,False,normal,1.0,1,128,0.5,17,fp32_reverse,128,False,2.548626183446895e-08,8.8464802050902e-07,0,4.850582988267337e-08,0.41943751500225973,fp32,128,32,tensor,fp32,0,,fp32,False,False,global,reverse,False,0.0625
softmax,65536,64,False,normal,1.0,1,128,0.5,17,fp32_local,128,False,1.687486126528137e-08,5.460810149073282e-07,65534,3.9552154640845314e-08,0.41943751500225973,fp32,128,32,tensor,fp32,0,,fp32,False,False,local,forward,False,0.0625
softmax,65536,64,False,normal,1.0,1,128,0.5,17,e4_tensor,128,False,0.0007967660471103711,0.03915487886382324,16407,0.0018270208034179716,0.41943751500225973,e4m3,128,32,tensor,fp32,0,,bf16,False,False,global,forward,False,0.0625
softmax,65536,64,False,normal,1.0,1,128,0.5,17,e4_compensated,128,False,0.0007967660471103711,0.039155010505487996,16407,0.0018270208034179716,0.41943751500225973,e4m3,128,32,tensor,fp32,0,,bf16,False,True,global,forward,False,0.0625
softmax,65536,64,False,normal,1.0,1,128,0.5,29,fp32,128,False,3.146027988424824e-08,8.887198068410041e-07,65513,5.8218621185449256e-08,0.44621728491580875,fp32,128,32,tensor,fp32,0,,fp32,False,False,global,forward,False,0.0625
softmax,65536,64,False,normal,1.0,1,128,0.5,29,fp32_compensated,128,False,3.052895730963276e-08,8.223388712621557e-07,4,4.3802793967007536e-08,0.44621728491580875,fp32,128,32,tensor,fp32,0,,fp32,False,True,global,forward,False,0.0625
softmax,65536,64,False,normal,1.0,1,128,0.5,29,fp32_reverse,128,False,3.036367963310527e-08,8.623638062554936e-07,16397,5.6202743682512306e-08,0.44621728491580875,fp32,128,32,tensor,fp32,0,,fp32,False,False,global,reverse,False,0.0625
softmax,65536,64,False,normal,1.0,1,128,0.5,29,fp32_local,128,False,1.7575126491295445e-08,5.29662052931301e-07,16384,4.4019849762352305e-08,0.44621728491580875,fp32,128,32,tensor,fp32,0,,fp32,False,False,local,forward,False,0.0625
softmax,65536,64,False,normal,1.0,1,128,0.5,29,e4_tensor,128,False,0.0006723150794584183,0.036464720264013886,16385,0.0018967620795489874,0.44621728491580875,e4m3,128,32,tensor,fp32,0,,bf16,False,False,global,forward,False,0.0625
softmax,65536,64,False,normal,1.0,1,128,0.5,29,e4_compensated,128,False,0.0006723150794584183,0.036464720264013886,16385,0.0018967620795489874,0.44621728491580875,e4m3,128,32,tensor,fp32,0,,bf16,False,True,global,forward,False,0.0625
softmax,65536,64,False,normal,1.0,1,128,1.0,3,fp32,128,False,3.954692435505225e-08,9.271352685807326e-07,65521,7.505555064518299e-08,0.5955300637824436,fp32,128,32,tensor,fp32,0,,fp32,False,False,global,forward,False,0.125
softmax,65536,64,False,normal,1.0,1,128,1.0,3,fp32_compensated,128,False,3.6350068514240386e-08,8.553024290568568e-07,65521,6.663702143868526e-08,0.5955300637824436,fp32,128,32,tensor,fp32,0,,fp32,False,True,global,forward,False,0.125
softmax,65536,64,False,normal,1.0,1,128,1.0,3,fp32_reverse,128,False,4.267153215845032e-08,9.072370411211139e-07,16394,7.644878459970389e-08,0.5955300637824436,fp32,128,32,tensor,fp32,0,,fp32,False,False,global,reverse,False,0.125
softmax,65536,64,False,normal,1.0,1,128,1.0,3,fp32_local,128,False,2.3447055927036664e-08,5.92695168662149e-07,65520,5.276908554146299e-08,0.5955300637824436,fp32,128,32,tensor,fp32,0,,fp32,False,False,local,forward,False,0.125
softmax,65536,64,False,normal,1.0,1,128,1.0,3,e4_tensor,128,False,0.0014455433373572468,0.05378234337001584,22,0.004150858899585499,0.5955300637824436,e4m3,128,32,tensor,fp32,0,,bf16,False,False,global,forward,False,0.125
softmax,65536,64,False,normal,1.0,1,128,1.0,3,e4_compensated,128,False,0.0014455433373572468,0.05378210309873003,22,0.004151297921529504,0.5955300637824436,e4m3,128,32,tensor,fp32,0,,bf16,False,True,global,forward,False,0.125
softmax,65536,64,False,normal,1.0,1,128,1.0,17,fp32,128,False,5.4924357062446916e-08,9.019559728279228e-07,29,7.497594486612895e-08,0.5963826742845675,fp32,128,32,tensor,fp32,0,,fp32,False,False,global,forward,False,0.125
softmax,65536,64,False,normal,1.0,1,128,1.0,17,fp32_compensated,128,False,4.747377646552309e-08,8.409779478141221e-07,29,6.956800103474758e-08,0.5963826742845675,fp32,128,32,tensor,fp32,0,,fp32,False,True,global,forward,False,0.125
softmax,65536,64,False,normal,1.0,1,128,1.0,17,fp32_reverse,128,False,5.007261826006637e-08,8.637261298159202e-07,16394,8.214049334975239e-08,0.5963826742845675,fp32,128,32,tensor,fp32,0,,fp32,False,False,global,reverse,False,0.125
softmax,65536,64,False,normal,1.0,1,128,1.0,17,fp32_local,128,False,2.287052804951506e-08,5.781691567191085e-07,16407,4.979014899732456e-08,0.5963826742845675,fp32,128,32,tensor,fp32,0,,fp32,False,False,local,forward,False,0.125
softmax,65536,64,False,normal,1.0,1,128,1.0,17,e4_tensor,128,False,0.0018795095820463223,0.05430318556834077,16384,0.004160390941748831,0.5963826742845675,e4m3,128,32,tensor,fp32,0,,bf16,False,False,global,forward,False,0.125
softmax,65536,64,False,normal,1.0,1,128,1.0,17,e4_compensated,128,False,0.0018795095820463223,0.05430318556834077,16384,0.004160390941748831,0.5963826742845675,e4m3,128,32,tensor,fp32,0,,bf16,False,True,global,forward,False,0.125
softmax,65536,64,False,normal,1.0,1,128,1.0,29,fp32,128,False,4.667118343876231e-08,8.844038801209724e-07,32793,8.02856463392021e-08,0.6251389864964274,fp32,128,32,tensor,fp32,0,,fp32,False,False,global,forward,False,0.125
softmax,65536,64,False,normal,1.0,1,128,1.0,29,fp32_compensated,128,False,4.4739959518397265e-08,8.162464724922235e-07,65507,6.436837477857965e-08,0.6251389864964274,fp32,128,32,tensor,fp32,0,,fp32,False,True,global,forward,False,0.125
softmax,65536,64,False,normal,1.0,1,128,1.0,29,fp32_reverse,128,False,5.529206088816796e-08,8.875899816438055e-07,65520,7.931560170525133e-08,0.6251389864964274,fp32,128,32,tensor,fp32,0,,fp32,False,False,global,reverse,False,0.125
softmax,65536,64,False,normal,1.0,1,128,1.0,29,fp32_local,128,False,2.3598508175348698e-08,5.602357980499482e-07,32769,5.7823043946190454e-08,0.6251389864964274,fp32,128,32,tensor,fp32,0,,fp32,False,False,local,forward,False,0.125
softmax,65536,64,False,normal,1.0,1,128,1.0,29,e4_tensor,128,False,0.0015211796358594568,0.052183233089704247,32768,0.00395106465200845,0.6251389864964274,e4m3,128,32,tensor,fp32,0,,bf16,False,False,global,forward,False,0.125
softmax,65536,64,False,normal,1.0,1,128,1.0,29,e4_compensated,128,False,0.0015211796358594568,0.052183233089704247,32768,0.00395106465200845,0.6251389864964274,e4m3,128,32,tensor,fp32,0,,bf16,False,True,global,forward,False,0.125
softmax,65536,64,False,normal,1.0,1,128,2.0,3,fp32,128,False,5.481723135969396e-07,1.0429041850877872e-06,32772,9.24087741605889e-07,2.8472276783734864,fp32,128,32,tensor,fp32,0,,fp32,False,False,global,forward,False,0.25
softmax,65536,64,False,normal,1.0,1,128,2.0,3,fp32_compensated,128,False,5.33271152403092e-07,9.99824781147093e-07,32772,8.882294162552961e-07,2.8472276783734864,fp32,128,32,tensor,fp32,0,,fp32,False,True,global,forward,False,0.25
softmax,65536,64,False,normal,1.0,1,128,2.0,3,fp32_reverse,128,False,7.172334983707174e-07,1.049080033427335e-06,32772,8.778743511177242e-07,2.8472276783734864,fp32,128,32,tensor,fp32,0,,fp32,False,False,global,reverse,False,0.25
softmax,65536,64,False,normal,1.0,1,128,2.0,3,fp32_local,128,False,3.9916070165846307e-07,7.456893957040134e-07,32772,8.001833894555353e-07,2.8472276783734864,fp32,128,32,tensor,fp32,0,,fp32,False,False,local,forward,False,0.25
softmax,65536,64,False,normal,1.0,1,128,2.0,3,e4_tensor,128,False,0.02653576714230338,0.09278826201531905,16397,0.08968255156063397,2.8472276783734864,e4m3,128,32,tensor,fp32,0,,bf16,False,False,global,forward,False,0.25
softmax,65536,64,False,normal,1.0,1,128,2.0,3,e4_compensated,128,False,0.02653576714230338,0.09278826201531905,16397,0.08968255156063397,2.8472276783734864,e4m3,128,32,tensor,fp32,0,,bf16,False,True,global,forward,False,0.25
softmax,65536,64,False,normal,1.0,1,128,2.0,17,fp32,128,False,5.874494322655188e-07,1.1627811768789392e-06,65520,8.381093188234562e-07,2.711040624913982,fp32,128,32,tensor,fp32,0,,fp32,False,False,global,forward,False,0.25
softmax,65536,64,False,normal,1.0,1,128,2.0,17,fp32_compensated,128,False,4.980424651024329e-07,1.0867600052364884e-06,29,8.457088036182925e-07,2.711040624913982,fp32,128,32,tensor,fp32,0,,fp32,False,True,global,forward,False,0.25
softmax,65536,64,False,normal,1.0,1,128,2.0,17,fp32_reverse,128,False,2.132447376457236e-07,1.0457614619454513e-06,16405,7.444093841282358e-07,2.711040624913982,fp32,128,32,tensor,fp32,0,,fp32,False,False,global,reverse,False,0.25
softmax,65536,64,False,normal,1.0,1,128,2.0,17,fp32_local,128,False,2.790592778245671e-07,8.756585226865339e-07,65522,6.523323540347754e-07,2.711040624913982,fp32,128,32,tensor,fp32,0,,fp32,False,False,local,forward,False,0.25
softmax,65536,64,False,normal,1.0,1,128,2.0,17,e4_tensor,128,False,0.03194019546775333,0.10301778680312046,16405,0.10471296176116944,2.711040624913982,e4m3,128,32,tensor,fp32,0,,bf16,False,False,global,forward,False,0.25
softmax,65536,64,False,normal,1.0,1,128,2.0,17,e4_compensated,128,False,0.03194019546775333,0.10301739248929102,16405,0.10471296176116944,2.711040624913982,e4m3,128,32,tensor,fp32,0,,bf16,False,True,global,forward,False,0.25
softmax,65536,64,False,normal,1.0,1,128,2.0,29,fp32,128,False,4.777142814660351e-07,1.0973223537540308e-06,16388,9.064642456297724e-07,2.604308842504424,fp32,128,32,tensor,fp32,0,,fp32,False,False,global,forward,False,0.25
softmax,65536,64,False,normal,1.0,1,128,2.0,29,fp32_compensated,128,False,4.361417567655401e-07,1.025705764198447e-06,16388,8.048074092206071e-07,2.604308842504424,fp32,128,32,tensor,fp32,0,,fp32,False,True,global,forward,False,0.25
softmax,65536,64,False,normal,1.0,1,128,2.0,29,fp32_reverse,128,False,4.479119590783398e-07,1.0229536094947972e-06,16388,7.994388210844508e-07,2.604308842504424,fp32,128,32,tensor,fp32,0,,fp32,False,False,global,reverse,False,0.25
softmax,65536,64,False,normal,1.0,1,128,2.0,29,fp32_local,128,False,2.23697634998965e-07,8.032447397674125e-07,16388,7.189314969981694e-07,2.604308842504424,fp32,128,32,tensor,fp32,0,,fp32,False,False,local,forward,False,0.25
softmax,65536,64,False,normal,1.0,1,128,2.0,29,e4_tensor,128,False,0.02936080595740459,0.09580873846414102,16,0.08801624825269488,2.604308842504424,e4m3,128,32,tensor,fp32,0,,bf16,False,False,global,forward,False,0.25
softmax,65536,64,False,normal,1.0,1,128,2.0,29,e4_compensated,128,False,0.02936080595740459,0.09580873846414102,16,0.08801624825269488,2.604308842504424,e4m3,128,32,tensor,fp32,0,,bf16,False,True,global,forward,False,0.25
softmax,65536,64,False,sharp,2.0,1,128,0.5,3,fp32,128,False,1.0963446271938793e-06,1.0429041850877872e-06,32772,1.848175483211778e-06,5.694455356746973,fp32,128,32,tensor,fp32,0,,fp32,False,False,global,forward,False,0.0625
softmax,65536,64,False,sharp,2.0,1,128,0.5,3,fp32_compensated,128,False,1.066542304806184e-06,9.99824781147093e-07,32772,1.7764588325105921e-06,5.694455356746973,fp32,128,32,tensor,fp32,0,,fp32,False,True,global,forward,False,0.0625
softmax,65536,64,False,sharp,2.0,1,128,0.5,3,fp32_reverse,128,False,1.4344669967414347e-06,1.049080033427335e-06,32772,1.7557487022354483e-06,5.694455356746973,fp32,128,32,tensor,fp32,0,,fp32,False,False,global,reverse,False,0.0625
softmax,65536,64,False,sharp,2.0,1,128,0.5,3,fp32_local,128,False,7.983214033169261e-07,7.456893957040134e-07,32772,1.6003667789110707e-06,5.694455356746973,fp32,128,32,tensor,fp32,0,,fp32,False,False,local,forward,False,0.0625
softmax,65536,64,False,sharp,2.0,1,128,0.5,3,e4_tensor,128,False,0.05307153428460676,0.09278826201531905,16397,0.17936510312126794,5.694455356746973,e4m3,128,32,tensor,fp32,0,,bf16,False,False,global,forward,False,0.0625
softmax,65536,64,False,sharp,2.0,1,128,0.5,3,e4_compensated,128,False,0.05307153428460676,0.09278826201531905,16397,0.17936510312126794,5.694455356746973,e4m3,128,32,tensor,fp32,0,,bf16,False,True,global,forward,False,0.0625
softmax,65536,64,False,sharp,2.0,1,128,0.5,17,fp32,128,False,1.1748988645310376e-06,1.1627811768789392e-06,65520,1.6762186376469124e-06,5.422081249827964,fp32,128,32,tensor,fp32,0,,fp32,False,False,global,forward,False,0.0625
softmax,65536,64,False,sharp,2.0,1,128,0.5,17,fp32_compensated,128,False,9.960849302048658e-07,1.0867600052364884e-06,29,1.691417607236585e-06,5.422081249827964,fp32,128,32,tensor,fp32,0,,fp32,False,True,global,forward,False,0.0625
softmax,65536,64,False,sharp,2.0,1,128,0.5,17,fp32_reverse,128,False,4.264894752914472e-07,1.0457614619454513e-06,16405,1.4888187682564716e-06,5.422081249827964,fp32,128,32,tensor,fp32,0,,fp32,False,False,global,reverse,False,0.0625
softmax,65536,64,False,sharp,2.0,1,128,0.5,17,fp32_local,128,False,5.581185556491342e-07,8.756585226865339e-07,65522,1.3046647080695508e-06,5.422081249827964,fp32,128,32,tensor,fp32,0,,fp32,False,False,local,forward,False,0.0625
softmax,65536,64,False,sharp,2.0,1,128,0.5,17,e4_tensor,128,False,0.06388039093550665,0.10301778680312046,16405,0.20942592352233888,5.422081249827964,e4m3,128,32,tensor,fp32,0,,bf16,False,False,global,forward,False,0.0625
softmax,65536,64,False,sharp,2.0,1,128,0.5,17,e4_compensated,128,False,0.06388039093550665,0.10301739248929102,16405,0.20942592352233888,5.422081249827964,e4m3,128,32,tensor,fp32,0,,bf16,False,True,global,forward,False,0.0625
softmax,65536,64,False,sharp,2.0,1,128,0.5,29,fp32,128,False,9.554285629320702e-07,1.0973223537540308e-06,16388,1.8129284912595448e-06,5.208617685008848,fp32,128,32,tensor,fp32,0,,fp32,False,False,global,forward,False,0.0625
softmax,65536,64,False,sharp,2.0,1,128,0.5,29,fp32_compensated,128,False,8.722835135310802e-07,1.025705764198447e-06,16388,1.6096148184412141e-06,5.208617685008848,fp32,128,32,tensor,fp32,0,,fp32,False,True,global,forward,False,0.0625
softmax,65536,64,False,sharp,2.0,1,128,0.5,29,fp32_reverse,128,False,8.958239181566796e-07,1.0229536094947972e-06,16388,1.5988776421689016e-06,5.208617685008848,fp32,128,32,tensor,fp32,0,,fp32,False,False,global,reverse,False,0.0625
softmax,65536,64,False,sharp,2.0,1,128,0.5,29,fp32_local,128,False,4.4739526999793e-07,8.032447397674125e-07,16388,1.4378629939963387e-06,5.208617685008848,fp32,128,32,tensor,fp32,0,,fp32,False,False,local,forward,False,0.0625
softmax,65536,64,False,sharp,2.0,1,128,0.5,29,e4_tensor,128,False,0.05872161191480918,0.09580873846414102,16,0.17603249650538977,5.208617685008848,e4m3,128,32,tensor,fp32,0,,bf16,False,False,global,forward,False,0.0625
softmax,65536,64,False,sharp,2.0,1,128,0.5,29,e4_compensated,128,False,0.05872161191480918,0.09580873846414102,16,0.17603249650538977,5.208617685008848,e4m3,128,32,tensor,fp32,0,,bf16,False,True,global,forward,False,0.0625
softmax,65536,64,False,sharp,2.0,1,128,1.0,3,fp32,128,False,1.2874031985354861e-05,1.1687208282384985e-06,32772,1.933570942549112e-05,63.71229638017829,fp32,128,32,tensor,fp32,0,,fp32,False,False,global,forward,False,0.125
softmax,65536,64,False,sharp,2.0,1,128,1.0,3,fp32_compensated,128,False,1.3112450564456424e-05,1.1271006950913735e-06,32772,1.961051921146947e-05,63.71229638017829,fp32,128,32,tensor,fp32,0,,fp32,False,True,global,forward,False,0.125
softmax,65536,64,False,sharp,2.0,1,128,1.0,3,fp32_reverse,128,False,8.380326697476903e-06,1.1155403900724373e-06,32768,1.5021173818930709e-05,63.71229638017829,fp32,128,32,tensor,fp32,0,,fp32,False,False,global,reverse,False,0.125
softmax,65536,64,False,sharp,2.0,1,128,1.0,3,fp32_local,128,False,7.867241824222049e-06,9.241096011998112e-07,5,1.4228105400476572e-05,63.71229638017829,fp32,128,32,tensor,fp32,0,,fp32,False,False,local,forward,False,0.125
softmax,65536,64,False,sharp,2.0,1,128,1.0,3,e4_tensor,128,False,0.8196678330794489,0.11509888370702637,16408,1.7786235373909705,63.71229638017829,e4m3,128,32,tensor,fp32,0,,bf16,False,False,global,forward,False,0.125
softmax,65536,64,False,sharp,2.0,1,128,1.0,3,e4_compensated,128,False,0.8196678330794489,0.11509913485995192,16408,1.7786235373909705,63.71229638017829,e4m3,128,32,tensor,fp32,0,,bf16,False,True,global,forward,False,0.125
softmax,65536,64,False,sharp,2.0,1,128,1.0,17,fp32,128,False,8.302045993779927e-06,1.3445593790674886e-06,12,2.1437779360266724e-05,57.5781160733362,fp32,128,32,tensor,fp32,0,,fp32,False,False,global,forward,False,0.125
softmax,65536,64,False,sharp,2.0,1,128,1.0,17,fp32_compensated,128,False,6.50706218130459e-06,1.2392552917424344e-06,12,2.0285224850906282e-05,57.5781160733362,fp32,128,32,tensor,fp32,0,,fp32,False,True,global,forward,False,0.125
softmax,65536,64,False,sharp,2.0,1,128,1.0,17,fp32_reverse,128,False,7.173607586619113e-06,1.251056788018287e-06,16405,1.6657978340201353e-05,57.5781160733362,fp32,128,32,tensor,fp32,0,,fp32,False,False,global,reverse,False,0.125
softmax,65536,64,False,sharp,2.0,1,128,1.0,17,fp32_local,128,False,7.391269708723058e-06,1.1468737384396207e-06,12,1.949578883428724e-05,57.5781160733362,fp32,128,32,tensor,fp32,0,,fp32,False,False,local,forward,False,0.125
softmax,65536,64,False,sharp,2.0,1,128,1.0,17,e4_tensor,128,False,0.9086418223661976,0.13316211892871865,65522,2.818350313343035,57.5781160733362,e4m3,128,32,tensor,fp32,0,,bf16,False,False,global,forward,False,0.125
softmax,65536,64,False,sharp,2.0,1,128,1.0,17,e4_compensated,128,False,0.9086418223661976,0.13316200308206122,65522,2.818350313343035,57.5781160733362,e4m3,128,32,tensor,fp32,0,,bf16,False,True,global,forward,False,0.125
softmax,65536,64,False,sharp,2.0,1,128,1.0,29,fp32,128,False,9.38629665370172e-06,1.3863263957025593e-06,16,2.433104094562484e-05,54.15379823671215,fp32,128,32,tensor,fp32,0,,fp32,False,False,global,forward,False,0.125
softmax,65536,64,False,sharp,2.0,1,128,1.0,29,fp32_compensated,128,False,8.030413854331897e-06,1.2409215831414468e-06,16388,1.761717728384438e-05,54.15379823671215,fp32,128,32,tensor,fp32,0,,fp32,False,True,global,forward,False,0.125
softmax,65536,64,False,sharp,2.0,1,128,1.0,29,fp32_reverse,128,False,6.041614395879691e-06,1.2129135156546843e-06,32795,1.694474438208272e-05,54.15379823671215,fp32,128,32,tensor,fp32,0,,fp32,False,False,global,reverse,False,0.125
softmax,65536,64,False,sharp,2.0,1,128,1.0,29,fp32_local,128,False,6.79208483855831e-06,1.1170341381467677e-06,16,1.866841196788305e-05,54.15379823671215,fp32,128,32,tensor,fp32,0,,fp32,False,False,local,forward,False,0.125
softmax,65536,64,False,sharp,2.0,1,128,1.0,29,e4_tensor,128,False,0.5716396688174992,0.1265578803562769,65509,1.62537569174284,54.15379823671215,e4m3,128,32,tensor,fp32,0,,bf16,False,False,global,forward,False,0.125
softmax,65536,64,False,sharp,2.0,1,128,1.0,29,e4_compensated,128,False,0.5716396688174992,0.12655788032027301,65509,1.62537569174284,54.15379823671215,e4m3,128,32,tensor,fp32,0,,bf16,False,True,global,forward,False,0.125
softmax,65536,64,False,sharp,2.0,1,128,2.0,3,fp32,128,False,1.5962156943771788e-05,1.4119981141995317e-06,16391,4.1162993210339294e-05,135.00949780192585,fp32,128,32,tensor,fp32,0,,fp32,False,False,global,forward,False,0.25
softmax,65536,64,False,sharp,2.0,1,128,2.0,3,fp32_compensated,128,False,1.1375353050624426e-05,9.231313710071555e-07,25,3.0032362669575018e-05,135.00949780192585,fp32,128,32,tensor,fp32,0,,fp32,False,True,global,forward,False,0.25
softmax,65536,64,False,sharp,2.0,1,128,2.0,3,fp32_reverse,128,False,2.0473506054941026e-05,1.3395025113653579e-06,16395,5.691720036227736e-05,135.00949780192585,fp32,128,32,tensor,fp32,0,,fp32,False,False,global,reverse,False,0.25
softmax,65536,64,False,sharp,2.0,1,128,2.0,3,fp32_local,128,False,1.3849716055780448e-05,1.3608939748053275e-06,16391,3.948918087930268e-05,135.00949780192585,fp32,128,32,tensor,fp32,0,,fp32,False,False,local,forward,False,0.25
softmax,65536,64,False,sharp,2.0,1,128,2.0,3,e4_tensor,128,False,1.8905249238893929,0.13272741453252535,16409,5.606767701188638,135.00949780192585,e4m3,128,32,tensor,fp32,0,,bf16,False,False,global,forward,False,0.25
softmax,65536,64,False,sharp,2.0,1,128,2.0,3,e4_compensated,128,False,1.8905249238893929,0.13272741453252535,16409,5.606767701188638,135.00949780192585,e4m3,128,32,tensor,fp32,0,,bf16,False,True,global,forward,False,0.25
softmax,65536,64,False,sharp,2.0,1,128,2.0,17,fp32,128,False,1.6570431641049765e-05,1.4952985841267054e-06,65517,4.4559829573376286e-05,126.82230160356697,fp32,128,32,tensor,fp32,0,,fp32,False,False,global,forward,False,0.25
softmax,65536,64,False,sharp,2.0,1,128,2.0,17,fp32_compensated,128,False,1.38541171865042e-05,1.2173447705251443e-06,65527,4.018524657849078e-05,126.82230160356697,fp32,128,32,tensor,fp32,0,,fp32,False,True,global,forward,False,0.25
softmax,65536,64,False,sharp,2.0,1,128,2.0,17,fp32_reverse,128,False,1.7561115229547397e-05,1.550315181811126e-06,65527,4.679978562329643e-05,126.82230160356697,fp32,128,32,tensor,fp32,0,,fp32,False,False,global,reverse,False,0.25
softmax,65536,64,False,sharp,2.0,1,128,2.0,17,fp32_local,128,False,1.513992016644039e-05,1.4495965381109058e-06,65517,4.0895088520066095e-05,126.82230160356697,fp32,128,32,tensor,fp32,0,,fp32,False,False,local,forward,False,0.25
softmax,65536,64,False,sharp,2.0,1,128,2.0,17,e4_tensor,128,False,2.1756277136658717,0.1579001569105343,65522,6.852270089193677,126.82230160356697,e4m3,128,32,tensor,fp32,0,,bf16,False,False,global,forward,False,0.25
softmax,65536,64,False,sharp,2.0,1,128,2.0,17,e4_compensated,128,False,2.1756277136658717,0.1579001569105343,65522,6.852270089193677,126.82230160356697,e4m3,128,32,tensor,fp32,0,,bf16,False,True,global,forward,False,0.25
softmax,65536,64,False,sharp,2.0,1,128,2.0,29,fp32,128,False,1.7243186268611765e-05,1.468228679477255e-06,3,4.447536089224362e-05,124.43992340217045,fp32,128,32,tensor,fp32,0,,fp32,False,False,global,forward,False,0.25
softmax,65536,64,False,sharp,2.0,1,128,2.0,29,fp32_compensated,128,False,1.2870674220621936e-05,1.146656408914323e-06,65508,3.332595663893238e-05,124.43992340217045,fp32,128,32,tensor,fp32,0,,fp32,False,True,global,forward,False,0.25
softmax,65536,64,False,sharp,2.0,1,128,2.0,29,fp32_reverse,128,False,1.5936879436573292e-05,1.450353812099454e-06,65530,5.264989595310985e-05,124.43992340217045,fp32,128,32,tensor,fp32,0,,fp32,False,False,global,reverse,False,0.25
softmax,65536,64,False,sharp,2.0,1,128,2.0,29,fp32_local,128,False,1.6289511952205515e-05,1.4281080805242725e-06,3,4.533469967433811e-05,124.43992340217045,fp32,128,32,tensor,fp32,0,,fp32,False,False,local,forward,False,0.25
softmax,65536,64,False,sharp,2.0,1,128,2.0,29,e4_tensor,128,False,2.126676235938818,0.16617267807355782,65509,7.121829251395517,124.43992340217045,e4m3,128,32,tensor,fp32,0,,bf16,False,False,global,forward,False,0.25
softmax,65536,64,False,sharp,2.0,1,128,2.0,29,e4_compensated,128,False,2.126676235938818,0.16617268753445327,65509,7.121829251395517,124.43992340217045,e4m3,128,32,tensor,fp32,0,,bf16,False,True,global,forward,False,0.25
