study,n,d,causal,scenario,variant,rows_evaluated,relative_percent_median,relative_percent_min,relative_percent_max,max_abs_median
length,65536,64,False,normal,fp32,128,9.019559728279228e-05,8.844038801209724e-05,9.271352685807326e-05,4.667118343876231e-08
length,65536,64,False,normal,bf16,128,0.3789078252645248,0.36188298852834344,0.38352715476211696,0.00012212961307801404
length,65536,64,False,normal,e4_tensor,128,5.378234337001584,5.218323308970425,5.430318556834076,0.0015211796358594568
length,65536,64,False,normal,e5_tensor,128,10.482367504911688,10.425174804085545,10.735887210689949,0.0032067629935199965
length,65536,64,False,normal,e4_tile,128,5.421962508548048,5.066061287237232,5.471672738514888,0.0015166916114961997
length,65536,64,False,normal,e4_rotate,128,5.359311944273291,5.170003978362224,5.424073751154199,0.0016931266483121844
length,65536,64,False,outliers,fp32,128,0.0002500402126612447,0.00020513031390943106,0.00039067396523033584,3.099321074628847e-05
length,65536,64,False,outliers,bf16,128,2.501054248938911,1.2954459494124018,3.682479439096806,0.28165273438699145
length,65536,64,False,outliers,e4_tensor,128,36.32272196161206,10.970601046948206,45.60333755735643,2.9870343828353687
length,65536,64,False,outliers,e5_tensor,128,57.86487071095051,38.70965243500481,68.00361401379381,6.859297498663586
length,65536,64,False,outliers,e4_tile,128,3.847645662186933,3.2809898455532456,4.023567282378377,0.4060584930796771
length,65536,64,False,outliers,e4_rotate,128,8.2472525927169,3.8515918782028433,8.632319366399454,0.6374643738587888
fixes,65536,64,False,normal,e4_tensor,128,5.378234337001584,5.218323308970425,5.430318556834076,0.0015211796358594568
fixes,65536,64,False,normal,e4_reduced,128,5.3801988210771405,5.214420416449851,5.436291225031947,0.0014906620577344568
fixes,65536,64,False,normal,e4_promoted,128,5.3801988210771405,5.214420416449851,5.436291225031947,0.0014906620577344568
fixes,65536,64,False,normal,e4_compensated,128,5.378210309873003,5.218323308970425,5.430318556834076,0.0015211796358594568
fixes,65536,64,False,normal,e4_reverse,128,5.382334617134708,5.149153914920424,5.4573463864235405,0.0015119013132829434
fixes,65536,64,False,normal,e4_local,128,5.251652287526805,5.030792996534558,5.255052399877008,0.001454977337234307
fixes,65536,64,False,normal,e4_no_p_round,128,4.77960882685288,4.563365908547723,4.80438871020902,0.0013296476670353625
fixes,65536,64,False,normal,e4_no_output_round,128,5.37551587869448,5.215001541867814,5.427925175467858,0.00152650633532497
fixes,65536,64,False,outliers,e4_tensor,128,36.32272196161206,10.970601046948206,45.60333755735643,2.9870343828353687
fixes,65536,64,False,outliers,e4_reduced,128,36.128504824230525,11.009159800673912,45.59766966952692,3.0026593828353687
fixes,65536,64,False,outliers,e4_promoted,128,36.128504824230525,11.009159800673912,45.59766966952692,3.0026593828353687
fixes,65536,64,False,outliers,e4_compensated,128,36.32272196161206,10.970601046948206,45.60334663404469,2.9870343828353687
fixes,65536,64,False,outliers,e4_reverse,128,36.256769739017145,11.011290169304065,45.60701176017858,3.0026593828353687
fixes,65536,64,False,outliers,e4_local,128,36.290151148995314,11.018873939394345,45.617458742338435,3.0026593828353687
fixes,65536,64,False,outliers,e4_no_p_round,128,36.29029125831209,11.018907664618508,45.61755848444932,3.0026593828353687
fixes,65536,64,False,outliers,e4_no_output_round,128,36.314990953718755,10.973806824354462,45.58917721773742,2.986389698997478
