model,family,revision,text,variant,tokens,ce,exp_ce,mean_kl
olmo1,olmo,a1847dff35000b4271fa70afc5db10fd29fedbdf,alice,bf16,1024,1.0664956531230583,2.9051808791206923,0.0
olmo1,olmo,a1847dff35000b4271fa70afc5db10fd29fedbdf,alice,tile,1024,1.1168737849669306,3.0552877711617086,0.05564588883323422
olmo1,olmo,a1847dff35000b4271fa70afc5db10fd29fedbdf,alice,rotate,1024,1.0525150326291839,2.8648472493271893,0.015720684493341627
olmo1,olmo,a1847dff35000b4271fa70afc5db10fd29fedbdf,alice,smooth_k,1024,1.078804223435362,2.9411604767006403,0.023774725963787685
olmo1,olmo,a1847dff35000b4271fa70afc5db10fd29fedbdf,alice,rotate_smooth_k,1024,1.0607552579434065,2.888551767306527,0.008577625719351252
olmo1,olmo,a1847dff35000b4271fa70afc5db10fd29fedbdf,alice,smooth_kq,1024,1.0686538996915242,2.911457746861473,0.004540231173658371
olmo1,olmo,a1847dff35000b4271fa70afc5db10fd29fedbdf,moby,bf16,1024,2.7385223691006324,15.464117947387138,0.0
olmo1,olmo,a1847dff35000b4271fa70afc5db10fd29fedbdf,moby,tile,1024,2.7741803183538103,16.025485814005723,0.02255989933583771
olmo1,olmo,a1847dff35000b4271fa70afc5db10fd29fedbdf,moby,rotate,1024,2.7448354184504264,15.562052494693557,0.005816038321846893
olmo1,olmo,a1847dff35000b4271fa70afc5db10fd29fedbdf,moby,smooth_k,1024,2.739595824439569,15.480726900249385,0.006827877345459396
olmo1,olmo,a1847dff35000b4271fa70afc5db10fd29fedbdf,moby,rotate_smooth_k,1024,2.740388030529789,15.492995685442326,0.0026831014627164856
olmo1,olmo,a1847dff35000b4271fa70afc5db10fd29fedbdf,moby,smooth_kq,1024,2.739202164315308,15.474633954727715,0.0015881788242093193
olmo1,olmo,a1847dff35000b4271fa70afc5db10fd29fedbdf,pride,bf16,1024,2.5176751305055842,12.399735360716944,0.0
olmo1,olmo,a1847dff35000b4271fa70afc5db10fd29fedbdf,pride,tile,1024,2.540940417949609,12.691600769629234,0.02431607392555472
olmo1,olmo,a1847dff35000b4271fa70afc5db10fd29fedbdf,pride,rotate,1024,2.53006485609082,12.554320334404895,0.005398382993985658
olmo1,olmo,a1847dff35000b4271fa70afc5db10fd29fedbdf,pride,smooth_k,1024,2.523549503515214,12.47279039763164,0.006276136414327703
olmo1,olmo,a1847dff35000b4271fa70afc5db10fd29fedbdf,pride,rotate_smooth_k,1024,2.524067052338131,12.479247346369403,0.003174563079269702
olmo1,olmo,a1847dff35000b4271fa70afc5db10fd29fedbdf,pride,smooth_kq,1024,2.5177764816542862,12.40099215182689,0.00171640628926382
qwen05,qwen,7ae557604adf67be50417f59c2c2f167def9a775,alice,bf16,1024,2.680274839683065,14.589102409206186,0.0
qwen05,qwen,7ae557604adf67be50417f59c2c2f167def9a775,alice,tile,1024,2.7561291641452437,15.738802564545558,0.05159997797468126
qwen05,qwen,7ae557604adf67be50417f59c2c2f167def9a775,alice,rotate,1024,3.2153378552629466,24.911707040870105,0.4902061381639006
qwen05,qwen,7ae557604adf67be50417f59c2c2f167def9a775,alice,smooth_k,1024,2.6911877235672934,14.749183474127928,0.014086442522906424
qwen05,qwen,7ae557604adf67be50417f59c2c2f167def9a775,alice,rotate_smooth_k,1024,2.7256554969196722,15.26641773756881,0.03894596796973975
qwen05,qwen,7ae557604adf67be50417f59c2c2f167def9a775,alice,smooth_kq,1024,2.685554940173118,14.666338062551386,0.004353954412216977
qwen05,qwen,7ae557604adf67be50417f59c2c2f167def9a775,moby,bf16,1024,3.4045306010608387,30.100163422554495,0.0
qwen05,qwen,7ae557604adf67be50417f59c2c2f167def9a775,moby,tile,1024,3.483285367869667,32.56653957514105,0.055022844152040784
qwen05,qwen,7ae557604adf67be50417f59c2c2f167def9a775,moby,rotate,1024,3.9461320069735004,51.734869209769926,0.49902280279269623
qwen05,qwen,7ae557604adf67be50417f59c2c2f167def9a775,moby,smooth_k,1024,3.4259641337086877,30.752279872790165,0.014875481796409778
qwen05,qwen,7ae557604adf67be50417f59c2c2f167def9a775,moby,rotate_smooth_k,1024,3.4653447424200268,31.98748531563352,0.04921235751549583
qwen05,qwen,7ae557604adf67be50417f59c2c2f167def9a775,moby,smooth_kq,1024,3.406911222059777,30.17190586557038,0.004337509062535993
qwen05,qwen,7ae557604adf67be50417f59c2c2f167def9a775,pride,bf16,1024,2.8967862919166816,18.115832721662997,0.0
qwen05,qwen,7ae557604adf67be50417f59c2c2f167def9a775,pride,tile,1024,2.942501593071155,18.963225299089387,0.04354613676452488
qwen05,qwen,7ae557604adf67be50417f59c2c2f167def9a775,pride,rotate,1024,3.760107502372159,42.95304328461746,0.8424230796148953
qwen05,qwen,7ae557604adf67be50417f59c2c2f167def9a775,pride,smooth_k,1024,2.917906972886683,18.502520626546666,0.015281496112022197
qwen05,qwen,7ae557604adf67be50417f59c2c2f167def9a775,pride,rotate_smooth_k,1024,2.9672511871700924,19.43841353013708,0.05973780412106757
qwen05,qwen,7ae557604adf67be50417f59c2c2f167def9a775,pride,smooth_kq,1024,2.8991217587099687,18.158191091446902,0.004061513882617596
qwen15,qwen,989aa7980e4cf806f80c7fef2b1adb7bc71aa306,alice,bf16,1024,1.901816634537616,6.698051307985724,0.0
qwen15,qwen,989aa7980e4cf806f80c7fef2b1adb7bc71aa306,alice,tile,1024,3.5593941450520417,35.14189980033252,1.541940088320355
qwen15,qwen,989aa7980e4cf806f80c7fef2b1adb7bc71aa306,alice,rotate,1024,4.131371238060262,62.26324215230739,2.0899920079023193
qwen15,qwen,989aa7980e4cf806f80c7fef2b1adb7bc71aa306,alice,smooth_k,1024,1.9210702877488695,6.828262765728209,0.01816340031630128
qwen15,qwen,989aa7980e4cf806f80c7fef2b1adb7bc71aa306,alice,rotate_smooth_k,1024,1.9079839869305657,6.739488197355678,0.007979178024121184
qwen15,qwen,989aa7980e4cf806f80c7fef2b1adb7bc71aa306,alice,smooth_kq,1024,1.906452503379958,6.72917468154763,0.004216514164617465
qwen15,qwen,989aa7980e4cf806f80c7fef2b1adb7bc71aa306,moby,bf16,1024,2.9153639801578235,18.455528626608896,0.0
qwen15,qwen,989aa7980e4cf806f80c7fef2b1adb7bc71aa306,moby,tile,1024,4.851574467726229,127.94167138123728,1.8279971837946354
qwen15,qwen,989aa7980e4cf806f80c7fef2b1adb7bc71aa306,moby,rotate,1024,4.7504135978393585,115.63209982500221,1.7650865734150645
qwen15,qwen,989aa7980e4cf806f80c7fef2b1adb7bc71aa306,moby,smooth_k,1024,2.9300811659327493,18.72915060395999,0.009066361482132704
qwen15,qwen,989aa7980e4cf806f80c7fef2b1adb7bc71aa306,moby,rotate_smooth_k,1024,2.9189594312456872,18.522004009969166,0.004773901926760494
qwen15,qwen,989aa7980e4cf806f80c7fef2b1adb7bc71aa306,moby,smooth_kq,1024,2.9182318769638527,18.50853314762956,0.003031298045372166
qwen15,qwen,989aa7980e4cf806f80c7fef2b1adb7bc71aa306,pride,bf16,1024,2.414779339989595,11.187301495108802,0.0
qwen15,qwen,989aa7980e4cf806f80c7fef2b1adb7bc71aa306,pride,tile,1024,4.053840188117347,57.61829784166307,1.5380150548662648
qwen15,qwen,989aa7980e4cf806f80c7fef2b1adb7bc71aa306,pride,rotate,1024,4.29726994127568,73.49886333547056,1.83578553510264
qwen15,qwen,989aa7980e4cf806f80c7fef2b1adb7bc71aa306,pride,smooth_k,1024,2.426577941514089,11.320077754393106,0.008232353168244128
qwen15,qwen,989aa7980e4cf806f80c7fef2b1adb7bc71aa306,pride,rotate_smooth_k,1024,2.4155215264233014,11.195607640481182,0.004758718555481994
qwen15,qwen,989aa7980e4cf806f80c7fef2b1adb7bc71aa306,pride,smooth_kq,1024,2.4203665336450206,11.249982056203464,0.0031333178418925666
smol036,smol,a10cc1512eabd3dde888204e902eca88bddb4951,alice,bf16,1024,2.3389247194312794,10.370079820165872,0.0
smol036,smol,a10cc1512eabd3dde888204e902eca88bddb4951,alice,tile,1024,2.3606485312884056,10.597822243545357,0.015651099103218005
smol036,smol,a10cc1512eabd3dde888204e902eca88bddb4951,alice,rotate,1024,2.3417763822143667,10.399693995599161,0.010253279968113416
smol036,smol,a10cc1512eabd3dde888204e902eca88bddb4951,alice,smooth_k,1024,2.3460937866151252,10.444690744909192,0.011608728135009714
smol036,smol,a10cc1512eabd3dde888204e902eca88bddb4951,alice,rotate_smooth_k,1024,2.3459859249130925,10.44356422354359,0.00724445887544735
smol036,smol,a10cc1512eabd3dde888204e902eca88bddb4951,alice,smooth_kq,1024,2.339060907050081,10.371492192815015,0.0038565656479766144
smol036,smol,a10cc1512eabd3dde888204e902eca88bddb4951,moby,bf16,1024,3.1454273588524555,23.22960072782064,0.0
smol036,smol,a10cc1512eabd3dde888204e902eca88bddb4951,moby,tile,1024,3.146938038276425,23.264719727763584,0.01416277179379959
smol036,smol,a10cc1512eabd3dde888204e902eca88bddb4951,moby,rotate,1024,3.1481158095429973,23.292136388292054,0.0074509216897306035
smol036,smol,a10cc1512eabd3dde888204e902eca88bddb4951,moby,smooth_k,1024,3.15323434863469,23.411663740675028,0.00997171881059239
smol036,smol,a10cc1512eabd3dde888204e902eca88bddb4951,moby,rotate_smooth_k,1024,3.1466231430876586,23.257394932785182,0.006482381555183498
smol036,smol,a10cc1512eabd3dde888204e902eca88bddb4951,moby,smooth_kq,1024,3.1462874165450887,23.24958811854592,0.0036205881864609544
smol036,smol,a10cc1512eabd3dde888204e902eca88bddb4951,pride,bf16,1024,2.5461299381344835,12.757635283524422,0.0
smol036,smol,a10cc1512eabd3dde888204e902eca88bddb4951,pride,tile,1024,2.5539046421656506,12.857208697334707,0.012718552688617858
smol036,smol,a10cc1512eabd3dde888204e902eca88bddb4951,pride,rotate,1024,2.5496924277265265,12.803165278354397,0.006359258835107009
smol036,smol,a10cc1512eabd3dde888204e902eca88bddb4951,pride,smooth_k,1024,2.558173971763776,12.912217701204838,0.009348203199793091
smol036,smol,a10cc1512eabd3dde888204e902eca88bddb4951,pride,rotate_smooth_k,1024,2.5475480125800614,12.775739393560041,0.005324063873116398
smol036,smol,a10cc1512eabd3dde888204e902eca88bddb4951,pride,smooth_kq,1024,2.5479736370516397,12.781178218254786,0.0030585909866991203
smol17,smol,31b70e2e869a7173562077fd711b654946d38674,alice,bf16,1024,0.8661739367521911,2.377795830079298,0.0
smol17,smol,31b70e2e869a7173562077fd711b654946d38674,alice,tile,1024,0.9044547007740507,2.4705843479424545,0.05627151006882551
smol17,smol,31b70e2e869a7173562077fd711b654946d38674,alice,rotate,1024,0.8819599502802141,2.4156295836203308,0.036890479902872544
smol17,smol,31b70e2e869a7173562077fd711b654946d38674,alice,smooth_k,1024,0.8718061865349944,2.3912259555346185,0.04822450203281479
smol17,smol,31b70e2e869a7173562077fd711b654946d38674,alice,rotate_smooth_k,1024,0.8741797181412512,2.396908346917837,0.028396629180284544
smol17,smol,31b70e2e869a7173562077fd711b654946d38674,alice,smooth_kq,1024,0.8804617075087888,2.412013093924507,0.01213343072126566
smol17,smol,31b70e2e869a7173562077fd711b654946d38674,moby,bf16,1024,2.6245367050571424,13.798180077951736,0.0
smol17,smol,31b70e2e869a7173562077fd711b654946d38674,moby,tile,1024,2.649065396146191,14.140816406051242,0.01993124925557276
smol17,smol,31b70e2e869a7173562077fd711b654946d38674,moby,rotate,1024,2.6340943135789603,13.930689911300396,0.01168106755397773
smol17,smol,31b70e2e869a7173562077fd711b654946d38674,moby,smooth_k,1024,2.640184841859635,14.015794073753813,0.014998424558128016
smol17,smol,31b70e2e869a7173562077fd711b654946d38674,moby,rotate_smooth_k,1024,2.6293012125482944,13.864078472333576,0.010241077557106005
smol17,smol,31b70e2e869a7173562077fd711b654946d38674,moby,smooth_kq,1024,2.6291955012968895,13.862612960710589,0.004880437218278178
smol17,smol,31b70e2e869a7173562077fd711b654946d38674,pride,bf16,1024,2.009256164121448,7.457767928287601,0.0
smol17,smol,31b70e2e869a7173562077fd711b654946d38674,pride,tile,1024,2.0244066607873172,7.571617074260352,0.02414277021434759
smol17,smol,31b70e2e869a7173562077fd711b654946d38674,pride,rotate,1024,2.0209820321826415,7.545731447472219,0.012244720850565119
smol17,smol,31b70e2e869a7173562077fd711b654946d38674,pride,smooth_k,1024,2.0339472914592447,7.644200772917478,0.02564720319098108
smol17,smol,31b70e2e869a7173562077fd711b654946d38674,pride,rotate_smooth_k,1024,2.038704226200561,7.680650362570379,0.015894958884567458
smol17,smol,31b70e2e869a7173562077fd711b654946d38674,pride,smooth_kq,1024,2.0218355600288245,7.55217468873421,0.0058243652166488635
tiny11,tinyllama,fe8a4ea1ffedaf415f4da2f062534de366a451e6,alice,bf16,1024,2.0191005899035206,7.531547936212856,0.0
tiny11,tinyllama,fe8a4ea1ffedaf415f4da2f062534de366a451e6,alice,tile,1024,2.0294205628486583,7.609675752228226,0.011619547112453582
tiny11,tinyllama,fe8a4ea1ffedaf415f4da2f062534de366a451e6,alice,rotate,1024,2.022721359076585,7.558867361626039,0.005220124872718067
tiny11,tinyllama,fe8a4ea1ffedaf415f4da2f062534de366a451e6,alice,smooth_k,1024,2.029775595805825,7.61237791756411,0.010727168323237318
tiny11,tinyllama,fe8a4ea1ffedaf415f4da2f062534de366a451e6,alice,rotate_smooth_k,1024,2.0212488150710595,7.547744788053469,0.004846083166057551
tiny11,tinyllama,fe8a4ea1ffedaf415f4da2f062534de366a451e6,alice,smooth_kq,1024,2.022865223336657,7.559954890712409,0.001965677330818854
tiny11,tinyllama,fe8a4ea1ffedaf415f4da2f062534de366a451e6,moby,bf16,1024,2.7296608146875765,15.327687211732126,0.0
tiny11,tinyllama,fe8a4ea1ffedaf415f4da2f062534de366a451e6,moby,tile,1024,2.7385147898293667,15.4640007410865,0.011130790349349926
tiny11,tinyllama,fe8a4ea1ffedaf415f4da2f062534de366a451e6,moby,rotate,1024,2.7334326168380763,15.385609382133877,0.0046628148707830944
tiny11,tinyllama,fe8a4ea1ffedaf415f4da2f062534de366a451e6,moby,smooth_k,1024,2.748629415113929,15.621207015004169,0.009304048165506687
tiny11,tinyllama,fe8a4ea1ffedaf415f4da2f062534de366a451e6,moby,rotate_smooth_k,1024,2.731874542130248,15.361656118623813,0.004221165636162799
tiny11,tinyllama,fe8a4ea1ffedaf415f4da2f062534de366a451e6,moby,smooth_kq,1024,2.7323826072034416,15.369462822552967,0.001910714030771948
tiny11,tinyllama,fe8a4ea1ffedaf415f4da2f062534de366a451e6,pride,bf16,1024,2.188393102070368,8.920866668967912,0.0
tiny11,tinyllama,fe8a4ea1ffedaf415f4da2f062534de366a451e6,pride,tile,1024,2.207061621197223,9.08897027956929,0.010604982691107557
tiny11,tinyllama,fe8a4ea1ffedaf415f4da2f062534de366a451e6,pride,rotate,1024,2.188447844986575,8.921355036591676,0.004119989718653689
tiny11,tinyllama,fe8a4ea1ffedaf415f4da2f062534de366a451e6,pride,smooth_k,1024,2.197274831852968,9.000452302015752,0.00795984045144604
tiny11,tinyllama,fe8a4ea1ffedaf415f4da2f062534de366a451e6,pride,rotate_smooth_k,1024,2.1868538872853867,8.907146101255407,0.004274025796128028
tiny11,tinyllama,fe8a4ea1ffedaf415f4da2f062534de366a451e6,pride,smooth_kq,1024,2.1880975608020306,8.918230574274467,0.002019250385796552
